Rk,player_name,Pos,Age,Tm,G,GS,MP,FG,FGA,FG%,3P,3PA,3P%,2P,2PA,2P%,eFG%,FT,FTA,FT%,ORB,DRB,TRB,AST,STL,BLK,TOV,PF,PTS,salary_rank,salary_20-21,salary_21-22,signed_using,guaranteed_money,salary_above_average
1,Precious Achiuwa,PF,21,MIA,47,2,593,101,178,0.5670000000000001,0,0,0.31116155419222935,101,178,0.5670000000000001,0.5670000000000001,47,94,0.5,58,111,169,25,15,24,38,72,249,296,2582160,2711280,1st Round Pick,5293440,0
3,Steven Adams,C,27,NOP,45,45,1268,156,250,0.624,0,3,0.0,156,247,0.632,0.624,47,105,0.44799999999999995,176,227,403,89,41,30,67,93,359,39,27528090,17073171,1st Round Pick,62528090,1
4,Bam Adebayo,C,23,MIA,44,44,1480,317,564,0.562,2,8,0.25,315,556,0.5670000000000001,0.564,211,253,0.8340000000000001,105,316,421,235,38,52,118,97,847,200,5115492,28103550,1st Round Pick,168116082,0
5,LaMarcus Aldridge,C,35,TOT,24,21,629,127,276,0.46,29,78,0.37200000000000005,98,198,0.495,0.513,35,41,0.8540000000000001,18,94,112,45,11,24,23,42,318,59,19078340,0,,18200000,1
7,Nickeil Alexander-Walker,SG,22,NOP,41,10,851,158,378,0.418,65,187,0.348,93,191,0.48700000000000004,0.504,39,52,0.75,10,116,126,81,40,21,57,77,420,275,3113160,3261480,1st Round Pick,3113160,0
8,Grayson Allen,SG,25,MEM,34,22,824,112,265,0.423,74,180,0.41100000000000003,38,85,0.447,0.562,47,52,0.904,14,98,112,70,35,7,33,44,345,307,2545320,4054695,1st Round Pick,6600015,0
9,Jarrett Allen,C,22,TOT,44,26,1262,209,330,0.633,5,12,0.41700000000000004,204,318,0.642,0.6409999999999999,152,216,0.7040000000000001,134,302,436,74,20,74,65,70,575,241,3909902,0,1st Round Pick,3909902,0
10,Al-Farouq Aminu,PF,30,TOT,18,14,379,36,90,0.4,7,32,0.21899999999999997,29,58,0.5,0.439,16,19,0.8420000000000001,20,76,96,29,17,9,27,24,95,125,9720900,10183800,MLE,19904700,1
11,Kyle Anderson,PF,27,MEM,45,45,1215,204,432,0.47200000000000003,59,166,0.355,145,266,0.545,0.541,88,116,0.759,31,229,260,151,52,35,60,71,555,128,9505100,9937150,MLE,19442250,1
12,Giannis Antetokounmpo,PF,26,MIL,45,45,1529,468,829,0.565,51,169,0.302,417,660,0.632,0.595,307,447,0.687,80,432,512,277,51,60,169,129,1294,38,27528090,39344970,1st Round Pick,203793556,1
14,Thanasis Antetokounmpo,SF,28,MIL,37,1,363,51,91,0.56,7,20,0.35,44,71,0.62,0.599,12,26,0.462,36,48,84,28,14,7,29,48,121,383,1701593,0,Minimum Salary,1701593,0
15,Carmelo Anthony,PF,36,POR,48,3,1233,234,564,0.415,84,220,0.382,150,344,0.436,0.489,104,120,0.867,25,130,155,80,38,32,49,107,656,298,2564753,0,Minimum Salary,2564753,0
16,Cole Anthony,PG,20,ORL,25,17,667,101,269,0.375,27,83,0.325,74,186,0.39799999999999996,0.426,46,55,0.836,20,91,111,94,17,11,51,51,275,268,3285120,3449400,1st Round Pick,6734520,0
17,OG Anunoby,SF,23,TOR,32,32,1071,174,363,0.479,74,186,0.39799999999999996,100,177,0.565,0.581,57,76,0.75,47,144,191,60,53,25,56,87,479,242,3872215,16071429,1st Round Pick,75872215,0
18,Ryan Arcidiacono,PG,26,CHI,30,0,332,33,86,0.384,16,50,0.32,17,36,0.47200000000000003,0.47700000000000004,12,16,0.75,3,43,46,42,7,0,7,35,94,280,3000000,3000000,Cap space,3000000,0
19,Trevor Ariza,SF,35,MIA,9,6,221,22,65,0.33799999999999997,11,38,0.289,11,27,0.40700000000000003,0.423,9,13,0.6920000000000001,4,33,37,12,5,7,4,10,64,96,12800000,0,Cap Space,1800000,1
20,D.J. Augustin,PG,33,TOT,47,6,918,103,262,0.39299999999999996,62,165,0.376,41,97,0.423,0.511,60,65,0.9229999999999999,16,60,76,152,25,1,52,45,328,173,6666667,7000000,MLE,14000000,0
21,Deni Avdija,SF,20,WAS,45,23,1050,111,264,0.42,45,143,0.315,66,121,0.545,0.506,22,34,0.647,19,204,223,52,25,11,30,121,289,223,4469160,4692840,1st Round Pick,9162000,0
22,Deandre Ayton,C,22,PHO,49,49,1494,309,506,0.611,4,17,0.235,305,489,0.624,0.615,102,133,0.767,158,371,529,72,19,55,81,148,724,120,10018200,12632950,1st Round Pick,22651150,1
23,Udoka Azubuike,C,21,UTA,12,0,49,4,7,0.5710000000000001,0,0,0.31116155419222935,4,7,0.5710000000000001,0.5710000000000001,4,6,0.667,4,9,13,0,1,4,3,8,12,356,1977000,2075880,1st Round Pick,4052880,0
24,Dwayne Bacon,SG,25,ORL,50,32,1284,192,484,0.397,48,153,0.314,144,331,0.435,0.446,90,108,0.833,16,134,150,62,27,4,34,83,522,388,1678854,1824003,Minimum Salary,1678854,0
25,Marvin Bagley III,PF,21,SAC,37,37,951,209,416,0.502,34,96,0.354,175,320,0.547,0.5429999999999999,61,109,0.56,91,184,275,35,18,19,49,90,513,139,8963640,11312114,1st Round Pick,20275754,1
26,LaMelo Ball,PG,19,CHO,41,21,1174,237,526,0.451,81,216,0.375,156,310,0.503,0.528,97,123,0.789,54,186,240,251,65,14,115,116,652,154,7839960,8231760,1st Round Pick,16071720,1
27,Lonzo Ball,PG,23,NOP,39,39,1242,204,479,0.426,122,311,0.392,82,168,0.488,0.5529999999999999,36,46,0.7829999999999999,23,139,162,220,53,21,82,81,566,111,11003782,0,1st Round Pick,11003782,1
28,Mo Bamba,C,22,ORL,28,0,323,65,138,0.47100000000000003,15,49,0.306,50,89,0.562,0.525,14,24,0.583,35,81,116,12,5,25,14,49,159,185,5969040,7568742,1st Round Pick,13537782,0
29,Desmond Bane,SG,22,MEM,43,11,970,152,318,0.478,74,164,0.451,78,154,0.506,0.594,28,33,0.848,17,117,134,60,28,7,40,84,406,360,1936440,2033160,1st Round Pick,3969600,0
30,Harrison Barnes,PF,28,SAC,48,48,1725,257,521,0.493,71,196,0.36200000000000004,186,325,0.5720000000000001,0.561,168,203,0.828,57,266,323,174,38,9,74,62,753,48,22215909,20284091,Bird Rights,60852273,1
31,RJ Barrett,SG,20,NYK,51,51,1733,333,748,0.445,65,181,0.359,268,567,0.473,0.489,152,207,0.7340000000000001,56,245,301,154,37,13,103,132,883,145,8231760,8623920,1st Round Pick,16855680,1
32,Will Barton,SF,30,DEN,46,42,1432,215,501,0.429,79,210,0.376,136,291,0.467,0.508,65,87,0.747,32,162,194,145,40,22,77,74,574,86,13920000,14880000,Bird Rights,13920000,1
34,Nicolas Batum,SF,32,LAC,48,38,1372,137,299,0.45799999999999996,86,203,0.424,51,96,0.531,0.602,40,48,0.833,40,196,236,117,55,18,38,78,400,303,11608231,9043478,Minimum Salary,2564753,1
35,Aron Baynes,C,34,TOR,47,31,870,113,267,0.423,21,90,0.233,92,177,0.52,0.46299999999999997,27,37,0.73,78,163,241,43,13,20,41,105,274,170,6975610,7324390,MLE,6975610,0
36,Kent Bazemore,SF,31,GSW,48,1,784,102,230,0.44299999999999995,42,111,0.37799999999999995,60,119,0.504,0.535,33,48,0.688,17,121,138,72,40,23,53,103,279,321,2320044,0,Minimum Salary,2320044,0
37,Darius Bazley,PF,20,OKC,36,36,1104,158,403,0.392,54,186,0.29,104,217,0.479,0.45899999999999996,57,81,0.7040000000000001,22,248,270,54,18,23,63,31,427,311,2399160,2513040,1st Round Pick,4912200,0
38,Bradley Beal,SG,27,WAS,41,41,1454,449,926,0.485,90,266,0.33799999999999997,359,660,0.544,0.5329999999999999,296,328,0.902,46,160,206,196,49,15,137,102,1284,31,28751775,34502130,Cap Space,63253905,1
39,Malik Beasley,SG,24,MIN,37,36,1214,264,600,0.44,128,321,0.39899999999999997,136,279,0.48700000000000004,0.547,68,80,0.85,28,134,162,88,30,7,60,62,724,91,13325895,14391964,Bird,43175894,1
41,DeAndre' Bembry,SF,26,TOR,34,8,599,71,130,0.546,9,29,0.31,62,101,0.614,0.581,21,31,0.677,19,69,88,69,24,11,36,57,172,379,1737145,1977011,Minimum Salary,1737145,0
42,Dāvis Bertāns,PF,28,WAS,37,5,908,121,305,0.397,105,270,0.389,16,35,0.457,0.569,60,70,0.857,15,93,108,33,23,8,23,91,407,78,15000000,16000000,Bird,75000000,1
43,Patrick Beverley,PG,32,LAC,29,29,689,80,181,0.442,50,119,0.42,30,62,0.484,0.58,31,39,0.795,27,80,107,60,25,23,27,91,241,90,13333333,14320988,Bird Rights,27654321,1
44,Saddiq Bey,SF,21,DET,48,31,1187,162,408,0.397,105,279,0.376,57,129,0.442,0.526,77,88,0.875,26,167,193,62,30,5,35,82,506,292,2689920,2824320,1st Round Pick,5514240,0
46,Khem Birch,C,28,ORL,47,5,936,94,207,0.45399999999999996,4,21,0.19,90,186,0.484,0.46399999999999997,63,85,0.741,116,125,241,52,31,28,23,64,255,279,3000000,0,Early Bird Rights,3000000,0
47,Goga Bitadze,C,21,IND,29,0,284,52,103,0.505,8,33,0.242,44,70,0.629,0.544,23,33,0.6970000000000001,34,46,80,11,5,28,11,50,135,282,2957520,3098400,1st Round Pick,6055920,0
48,Bismack Biyombo,C,28,CHO,47,28,1002,106,184,0.5760000000000001,0,1,0.0,106,183,0.579,0.5760000000000001,39,81,0.48100000000000004,95,150,245,62,13,54,49,111,251,319,2331593,0,Minimum Salary,2331593,0
49,Nemanja Bjelica,PF,32,TOT,30,1,491,76,166,0.45799999999999996,20,68,0.294,56,98,0.5710000000000001,0.518,33,45,0.733,24,87,111,54,9,2,31,57,205,166,7150000,0,,,0
50,Eric Bledsoe,SG,31,NOP,48,47,1443,199,483,0.41200000000000003,87,241,0.361,112,242,0.46299999999999997,0.502,77,114,0.675,20,143,163,186,35,16,77,80,562,68,16875000,18125000,Bird Rights,38900000,1
52,Bogdan Bogdanović,SG,28,ATL,25,8,637,111,253,0.439,58,151,0.384,53,102,0.52,0.5529999999999999,19,21,0.905,11,74,85,71,20,7,25,56,299,62,18000000,18000000,Cap Space,54000000,1
53,Bojan Bogdanović,SF,31,UTA,50,50,1505,244,584,0.418,121,311,0.389,123,273,0.451,0.521,132,153,0.863,27,169,196,94,26,3,68,82,741,64,17850000,18700000,Cap Space,56100000,1
54,Bol Bol,PF,21,DEN,20,2,107,19,36,0.528,9,18,0.5,10,18,0.556,0.653,4,7,0.5710000000000001,0,16,16,6,2,6,9,11,51,343,2058240,2161152,MLE,4219392,0
57,Isaac Bonga,SF,21,WAS,30,7,355,24,63,0.381,11,37,0.297,13,26,0.5,0.46799999999999997,3,6,0.5,17,42,59,19,8,7,16,52,62,398,1663861,0,,,0
58,Devin Booker,SG,24,PHO,45,45,1525,427,858,0.498,97,264,0.36700000000000005,330,594,0.556,0.5539999999999999,213,249,0.855,16,169,185,205,39,11,145,128,1164,25,29430000,31610000,1st round pick,130800000,1
59,Chris Boucher,C,28,TOR,50,5,1156,231,445,0.519,74,186,0.39799999999999996,157,259,0.606,0.602,121,157,0.7709999999999999,91,222,313,50,29,98,37,133,657,177,6490385,7009615,Early Bird,13500000,0
61,Avery Bradley,SG,30,TOT,15,2,334,46,108,0.426,22,61,0.361,24,47,0.511,0.528,8,11,0.727,4,27,31,27,9,2,14,39,122,189,5635000,5916750,MLE,5635000,0
62,Tony Bradley,C,23,TOT,25,8,390,69,103,0.67,0,3,0.0,69,100,0.69,0.67,16,22,0.727,49,90,139,23,8,17,14,39,154,258,3542060,0,1st Round Pick,3542060,0
64,Ignas Brazdeikis,SF,22,TOT,5,0,15,0,4,0.0,0,1,0.0,0,3,0.0,0.0,2,2,1.0,1,3,4,1,0,0,1,0,2,417,1517981,1782621,Minimum Salary,1517981,0
65,Mikal Bridges,SF,24,PHO,49,49,1587,245,462,0.53,87,211,0.41200000000000003,158,251,0.629,0.624,79,96,0.823,58,173,231,113,45,44,41,75,656,225,4359000,5557725,1st Round Pick,9916725,0
66,Miles Bridges,PF,22,CHO,49,3,1311,183,370,0.495,64,167,0.38299999999999995,119,203,0.586,0.581,58,66,0.879,63,219,282,97,31,35,76,104,488,240,3934320,5421493,1st Round Pick,9355813,0
67,Malcolm Brogdon,PG,28,IND,44,44,1550,353,771,0.45799999999999996,118,293,0.40299999999999997,235,478,0.49200000000000005,0.534,109,125,0.872,36,173,209,258,45,10,94,85,933,51,20700000,21700000,Sign and Trade,65000000,1
68,Dillon Brooks,SF,25,MEM,44,44,1276,266,660,0.40299999999999997,80,243,0.32899999999999996,186,417,0.446,0.46399999999999997,95,114,0.833,36,94,130,105,55,17,85,151,707,110,11400000,12200000,MLE,35000000,1
69,Bruce Brown,PG,24,BRK,47,30,1022,163,297,0.5489999999999999,10,41,0.244,153,256,0.598,0.5660000000000001,59,78,0.7559999999999999,72,144,216,71,35,14,37,99,395,401,1663861,0,,,0
70,Jaylen Brown,SG,24,BOS,46,46,1552,422,872,0.484,122,307,0.397,300,565,0.531,0.5539999999999999,152,201,0.7559999999999999,56,206,262,165,57,23,125,131,1118,46,22991071,24830357,1st Round pick,103000000,1
71,Moses Brown,C,21,OKC,21,10,413,67,117,0.573,0,0,0.31116155419222935,67,117,0.573,0.573,47,78,0.603,65,108,173,4,11,24,16,40,181,478,495102,1701593,MLE,495102,0
72,Sterling Brown,SG,25,HOU,48,14,1178,141,317,0.445,85,203,0.419,56,114,0.491,0.579,25,28,0.893,38,181,219,69,37,12,38,95,392,389,1678854,0,Minimum Salary,1678854,0
73,Troy Brown Jr.,SF,21,TOT,25,0,362,42,108,0.389,17,53,0.321,25,55,0.455,0.46799999999999997,13,19,0.684,15,56,71,23,6,4,17,36,114,266,3372840,5170564,1st Round Pick,8543404,0
74,Jalen Brunson,PG,24,DAL,45,10,1142,219,407,0.5379999999999999,56,139,0.40299999999999997,163,268,0.608,0.607,93,116,0.802,16,143,159,151,25,0,60,76,587,397,1663861,1802057,Cap Space,1663861,0
75,Thomas Bryant,C,23,WAS,10,10,271,59,91,0.648,9,21,0.429,50,70,0.7140000000000001,0.698,16,24,0.667,18,43,61,15,4,8,11,31,143,143,8333333,8730159,Early Bird Rights,17063492,1
76,Reggie Bullock,SF,29,NYK,44,43,1225,152,353,0.431,97,240,0.40399999999999997,55,113,0.48700000000000004,0.568,30,34,0.882,11,138,149,60,32,8,31,99,431,230,4200000,0,Room Exception,1000000,0
77,Trey Burke,PG,28,DAL,47,0,682,115,257,0.447,47,126,0.373,68,131,0.519,0.539,34,40,0.85,5,37,42,64,25,3,24,48,311,270,3174603,3333333,MLE,6507936,0
78,Alec Burks,SG,29,NYK,39,5,1013,167,394,0.424,79,189,0.418,88,205,0.429,0.524,82,96,0.8540000000000001,19,152,171,86,29,11,39,80,495,184,6000000,0,Cap Space,6000000,0
79,Jimmy Butler,SF,31,MIA,35,35,1178,246,507,0.485,14,68,0.20600000000000002,232,439,0.528,0.499,236,277,0.852,71,192,263,256,69,13,76,51,742,11,34379100,36016200,Sign and Trade,70395300,1
80,Bruno Caboclo,PF,25,HOU,6,0,36,8,17,0.47100000000000003,0,5,0.0,8,12,0.667,0.47100000000000003,1,2,0.5,3,11,14,1,0,2,4,6,17,482,361256,0,,361256,0
82,Kentavious Caldwell-Pope,SG,27,LAL,46,46,1221,129,314,0.41100000000000003,69,174,0.397,60,140,0.429,0.521,58,69,0.841,21,99,120,69,37,13,50,75,385,104,12073020,13038862,Early Bird,30000000,1
83,Facundo Campazzo,PG,29,DEN,43,1,769,63,171,0.368,41,120,0.342,22,51,0.431,0.488,34,42,0.81,11,51,62,118,43,9,41,83,201,251,3623000,3804150,Bi-Annual Exception,7427150,0
84,Vlatko Čančar,PF,23,DEN,25,0,148,14,33,0.424,5,18,0.278,9,15,0.6,0.5,5,6,0.833,5,24,29,8,8,2,9,13,38,466,898310,1782621,MLE,898310,0
85,Clint Capela,C,26,ATL,44,44,1310,288,488,0.59,0,0,0.31116155419222935,288,488,0.59,0.59,89,151,0.589,211,414,625,35,33,100,55,103,665,74,16000000,17103448,Bird Rights,51310345,1
86,Vernon Carey Jr.,C,19,CHO,9,0,30,2,6,0.33299999999999996,0,3,0.0,2,3,0.667,0.33299999999999996,1,2,0.5,2,7,9,1,0,2,2,1,5,442,1350000,1517981,Cap Space,4650602,0
87,Jevon Carter,PG,25,PHO,37,0,373,39,104,0.375,22,69,0.319,17,35,0.486,0.48100000000000004,2,2,1.0,6,41,47,43,15,7,7,38,102,257,3549383,3833333,Early Bird,11500000,0
88,Wendell Carter Jr.,C,21,TOT,37,27,930,157,299,0.525,9,30,0.3,148,269,0.55,0.54,100,134,0.746,86,211,297,79,22,31,57,106,423,193,5448840,6920027,1st Round Pick,5448840,0
89,Michael Carter-Williams,SG,29,ORL,26,20,684,87,229,0.38,11,47,0.23399999999999999,76,182,0.418,0.40399999999999997,40,60,0.667,34,86,120,115,17,14,59,72,225,278,3000000,3000000,Early Bird,6000000,0
90,Alex Caruso,PG,26,LAL,40,0,810,80,196,0.408,36,90,0.4,44,106,0.415,0.5,32,49,0.653,22,97,119,97,45,10,45,71,228,290,2750000,0,Room Exception,2750000,0
91,Willie Cauley-Stein,C,27,DAL,35,11,599,79,127,0.622,1,8,0.125,78,119,0.655,0.626,33,50,0.66,40,110,150,26,11,28,16,80,192,236,4000000,4200000,MLE,8200000,0
93,Marquese Chriss,PF,23,GSW,2,0,27,5,14,0.35700000000000004,1,5,0.2,4,9,0.444,0.39299999999999996,2,4,0.5,3,10,13,2,0,2,2,3,13,370,1824003,0,,1824003,0
94,Gary Clark,SF,26,ORL,35,11,637,40,131,0.305,31,108,0.287,9,23,0.391,0.424,8,10,0.8,33,79,112,30,12,7,17,34,119,359,1944677,2041911,Non Bird,3986588,0
95,Brandon Clarke,PF,24,MEM,41,16,1056,200,382,0.524,19,60,0.317,181,322,0.562,0.5479999999999999,60,87,0.69,61,164,225,70,44,35,24,63,479,295,2602920,2726880,1st Round Pick,5329800,0
96,Jordan Clarkson,SG,28,UTA,50,0,1271,314,742,0.423,151,432,0.35,163,310,0.526,0.525,85,89,0.955,39,160,199,110,43,7,85,75,864,108,11500000,12420000,Bird,37260000,1
97,Nicolas Claxton,C,21,BRK,19,0,343,61,104,0.5870000000000001,1,4,0.25,60,100,0.6,0.591,19,37,0.514,30,61,91,19,12,25,11,35,142,409,1517981,1782621,Minimum Salary,3300602,0
99,John Collins,PF,23,ATL,47,47,1422,333,611,0.545,60,158,0.38,273,453,0.603,0.594,129,154,0.838,98,267,365,65,25,49,57,152,855,232,4137302,0,1st Round Pick,4137302,0
100,Mike Conley,PG,33,UTA,40,40,1188,230,502,0.45799999999999996,112,266,0.42100000000000004,118,236,0.5,0.57,92,108,0.852,31,108,139,221,55,6,77,75,664,10,34504132,0,Cap Space,34504132,1
101,Pat Connaughton,SG,28,MIL,46,2,1069,113,253,0.447,66,169,0.391,47,84,0.56,0.5770000000000001,23,30,0.767,45,175,220,62,32,17,21,72,315,212,4938272,5333333,Early Bird,10271605,0
102,Quinn Cook,PG,27,TOT,23,0,157,29,68,0.426,11,26,0.423,18,42,0.429,0.507,7,8,0.875,2,15,17,18,4,1,7,10,76,450,1797183,0,,1797183,0
104,DeMarcus Cousins,C,30,HOU,25,11,506,79,210,0.376,39,116,0.336,40,94,0.426,0.469,44,59,0.746,30,161,191,60,21,18,39,74,241,318,2331593,0,,2331593,0
105,Robert Covington,PF,30,POR,47,47,1513,148,356,0.41600000000000004,101,255,0.396,47,101,0.465,0.5579999999999999,32,39,0.821,37,282,319,78,76,59,52,129,429,103,12138345,12975471,Cap Space,25113816,1
106,Torrey Craig,SF,30,TOT,27,0,350,42,94,0.447,14,39,0.359,28,55,0.509,0.521,3,6,0.5,25,54,79,24,17,9,9,43,101,387,1678854,0,Minimum Salary,1678854,0
107,Jae Crowder,PF,30,PHO,46,31,1278,156,382,0.408,111,288,0.385,45,94,0.479,0.5539999999999999,49,60,0.8170000000000001,21,204,225,97,38,19,44,86,472,131,9258000,9720900,MLE,29162700,1
108,Jarrett Culver,SG,21,MIN,28,7,446,62,152,0.408,10,44,0.22699999999999998,52,108,0.48100000000000004,0.441,27,44,0.614,32,65,97,18,16,8,25,52,161,183,6104280,6395160,1st Round Pick,12499440,0
109,Seth Curry,SG,30,PHI,39,39,1136,178,391,0.455,81,192,0.42200000000000004,97,199,0.48700000000000004,0.5589999999999999,59,66,0.894,7,76,83,111,33,8,53,64,496,155,7813953,8186047,MLE,24558140,1
110,Stephen Curry,PG,32,GSW,42,42,1419,407,855,0.47600000000000003,196,483,0.406,211,372,0.5670000000000001,0.591,225,243,0.9259999999999999,22,207,229,254,56,4,132,74,1235,1,43006362,45780966,Bird Rights,88787328,1
112,Anthony Davis,PF,27,LAL,23,23,755,204,383,0.5329999999999999,17,58,0.293,187,325,0.575,0.555,93,130,0.715,47,146,193,70,31,41,45,42,518,17,32742000,35361360,Bird,146684160,1
113,Ed Davis,C,31,MIN,19,7,264,18,43,0.419,0,0,0.31116155419222935,18,43,0.419,0.419,7,8,0.875,38,59,97,19,10,10,6,49,43,206,5005350,0,Room Exception,5005350,0
114,Terence Davis,SG,23,TOT,40,4,613,110,262,0.42,58,159,0.365,52,103,0.505,0.531,20,23,0.87,10,72,82,45,22,9,36,58,298,425,1517981,0,,,0
115,Matthew Dellavedova,PG,30,CLE,3,0,50,2,12,0.16699999999999998,1,5,0.2,1,7,0.14300000000000002,0.20800000000000002,2,2,1.0,2,2,4,15,0,0,0,3,7,333,2174318,0,Minimum Salary,2174318,0
116,DeMar DeRozan,PF,31,SAS,41,41,1395,296,600,0.493,18,62,0.29,278,538,0.517,0.508,252,286,0.8809999999999999,27,153,180,289,38,11,76,80,862,37,27739975,0,Cap Space,27739975,1
118,Hamidou Diallo,SG-SF,22,TOT,37,5,881,168,341,0.493,18,52,0.34600000000000003,150,289,0.519,0.519,96,148,0.649,44,151,195,88,34,16,56,95,450,396,1663861,0,MLE,1663861,0
119,Gorgui Dieng,C,31,TOT,24,1,385,57,111,0.514,24,50,0.48,33,61,0.541,0.622,41,47,0.872,28,70,98,29,18,14,23,42,179,70,17587688,0,,16587688,1
120,Spencer Dinwiddie,SG,27,BRK,3,3,64,6,16,0.375,2,7,0.28600000000000003,4,9,0.444,0.43799999999999994,6,6,1.0,0,13,13,9,2,1,5,4,20,109,11454048,12302496,Minimum Salary,11454048,1
121,Donte DiVincenzo,SG,24,MIL,48,48,1319,188,449,0.419,94,245,0.384,94,204,0.461,0.523,37,52,0.7120000000000001,61,206,267,147,55,9,68,78,507,277,3044160,4675830,1st Round Pick,7719990,0
122,Luka Dončić,PG,21,DAL,44,44,1539,448,922,0.486,135,359,0.376,313,563,0.556,0.5589999999999999,229,312,0.7340000000000001,34,324,358,386,43,26,190,95,1260,148,8049360,10174391,1st Round Pick,18223751,1
123,Luguentz Dort,SG,21,OKC,41,41,1203,177,459,0.386,80,245,0.327,97,214,0.45299999999999996,0.473,81,106,0.764,27,114,141,64,35,15,58,99,515,412,1517981,1782621,Minimum Salary,2142981,0
124,Damyean Dotson,SG,26,CLE,35,6,658,87,221,0.39399999999999996,32,115,0.278,55,106,0.519,0.466,22,32,0.688,5,65,70,74,14,4,28,31,228,353,2000000,2000000,MLE,2000000,0
126,Sekou Doumbouya,PF,20,DET,41,2,527,58,167,0.34700000000000003,19,76,0.25,39,91,0.429,0.40399999999999997,24,32,0.75,19,67,86,25,15,2,27,58,159,265,3449400,3613680,1st Round Pick,7063080,0
128,Goran Dragić,PG,34,MIA,31,10,832,151,341,0.44299999999999995,50,142,0.35200000000000004,101,199,0.508,0.516,65,77,0.8440000000000001,9,93,102,144,17,6,82,71,417,63,18000000,19440000,Bird,18000000,1
129,Andre Drummond,C,27,TOT,26,26,736,182,386,0.47200000000000003,0,8,0.0,182,378,0.48100000000000004,0.47200000000000003,77,131,0.588,101,237,338,66,40,30,84,73,441,32,29546311,0,,28751775,1
130,Jared Dudley,PF,35,LAL,11,0,76,2,7,0.28600000000000003,2,5,0.4,0,2,0.0,0.429,0,0,0.7466597938144333,4,15,19,5,1,1,2,7,6,302,2564753,0,Minimum Salary,2564753,0
131,Kevin Durant,PF,32,BRK,19,18,679,188,359,0.524,49,113,0.434,139,246,0.565,0.5920000000000001,126,145,0.8690000000000001,7,132,139,100,14,27,67,43,551,7,39058950,40918900,Sign and Trade,79977850,1
132,Anthony Edwards,SG,19,MIN,51,34,1581,331,840,0.39399999999999996,109,348,0.313,222,492,0.451,0.45899999999999996,128,163,0.785,42,180,222,132,54,23,110,87,899,124,9757440,10245480,1st Round Pick,20002920,1
133,Carsen Edwards,SG,22,BOS,20,1,191,38,82,0.46299999999999997,13,43,0.302,25,39,0.6409999999999999,0.5429999999999999,7,9,0.778,2,17,19,9,5,1,3,21,96,410,1517981,1782621,Cap space,3300602,0
134,CJ Elleby,SF,20,POR,17,0,138,17,46,0.37,5,26,0.192,12,20,0.6,0.424,7,11,0.636,8,14,22,3,6,3,3,19,46,459,898310,1517981,Minimum Salary,2416291,0
135,Henry Ellenson,PF,24,TOR,2,0,38,5,14,0.35700000000000004,2,9,0.222,3,5,0.6,0.429,3,4,0.75,3,9,12,5,0,0,0,7,15,495,50000,0,,50000,0
136,Wayne Ellington,SG,33,DET,36,28,820,126,281,0.44799999999999995,95,224,0.424,31,57,0.544,0.617,24,31,0.774,9,59,68,51,15,8,26,51,371,481,3005225,0,,440472,0
137,Joel Embiid,C,26,PHI,32,32,1039,299,572,0.523,38,94,0.40399999999999997,261,478,0.546,0.556,316,371,0.852,71,292,363,103,37,46,103,80,952,22,29542010,31579390,1st Round Pick,94738170,1
138,James Ennis,SF,30,ORL,33,29,784,94,191,0.49200000000000005,36,80,0.45,58,111,0.523,0.586,50,62,0.8059999999999999,38,94,132,50,29,6,30,68,274,267,3300000,0,MLE,3300000,0
139,Drew Eubanks,C,23,SAS,30,0,388,53,103,0.515,1,1,1.0,52,102,0.51,0.519,32,45,0.711,22,82,104,26,6,30,24,42,139,402,1620564,1762796,Minimum Salary,2120564,0
140,Dante Exum,SG,25,CLE,6,3,116,10,26,0.385,2,11,0.182,8,15,0.5329999999999999,0.423,1,2,0.5,2,15,17,13,4,2,7,9,23,126,9600000,0,Cap Space,9100000,1
142,Derrick Favors,C,29,UTA,48,0,748,114,183,0.623,0,1,0.0,114,182,0.626,0.623,51,69,0.7390000000000001,102,162,264,38,25,48,27,107,279,132,9258000,9720900,MLE,18978900,1
143,Cristiano Felício,C,28,CHI,9,0,43,3,4,0.75,0,0,0.31116155419222935,3,4,0.75,0.75,6,10,0.6,6,7,13,5,2,0,3,3,12,158,7529020,0,Cap space,7529020,0
144,Terrance Ferguson,SG,22,PHI,13,0,49,1,7,0.14300000000000002,0,5,0.0,1,2,0.5,0.14300000000000002,0,0,0.7466597938144333,0,1,1,2,1,0,4,7,2,239,3944013,0,,3944013,0
145,Bruno Fernando,C,22,ATL,24,0,171,12,28,0.429,0,2,0.0,12,26,0.462,0.429,10,16,0.625,13,51,64,9,2,3,17,19,34,411,1517981,1782621,Cap space,3300602,0
147,Dorian Finney-Smith,PF,27,DAL,38,38,1206,124,282,0.44,67,183,0.366,57,99,0.5760000000000001,0.5589999999999999,23,27,0.852,60,141,201,59,33,14,23,96,338,237,4000000,4000000,Bird Rights,8000000,0
148,Malachi Flynn,PG,22,TOR,25,0,302,33,98,0.337,10,48,0.20800000000000002,23,50,0.46,0.38799999999999996,8,11,0.727,1,31,32,39,13,3,13,24,84,358,1950600,2048040,1st Round Pick,3998640,0
149,Bryn Forbes,SG,27,MIL,48,6,914,160,353,0.45299999999999996,103,228,0.452,57,125,0.456,0.599,26,34,0.765,8,54,62,28,13,0,27,53,449,314,2337145,2454002,MLE,2337145,0
151,Evan Fournier,SF-SG,28,TOT,30,26,902,186,407,0.457,84,211,0.39799999999999996,102,196,0.52,0.56,101,127,0.795,5,77,82,102,32,12,58,65,557,67,17000000,0,Cap Space,17000000,1
152,De'Aaron Fox,PG,23,SAC,50,50,1738,446,934,0.478,90,276,0.326,356,658,0.541,0.526,249,348,0.716,27,138,165,357,69,25,154,147,1231,147,8099627,28103550,1st Round Pick,171100217,1
154,Markelle Fultz,PG,22,ORL,8,8,215,41,104,0.39399999999999996,4,16,0.25,37,88,0.42,0.413,17,19,0.895,5,20,25,43,8,2,18,18,103,100,12288697,16500000,1st Round Pick,47288697,1
155,Wenyen Gabriel,PF,23,NOP,7,0,31,0,5,0.0,0,1,0.0,0,4,0.0,0.0,1,2,0.5,4,6,10,5,0,0,4,2,1,404,1620564,1762796,Minimum Salary,1620564,0
156,Daniel Gafford,PF-C,22,TOT,33,11,411,70,100,0.7,0,0,0.31116155419222935,70,100,0.7,0.7,31,46,0.674,49,65,114,17,12,39,25,56,171,414,1517981,1782621,Minimum Salary,1517981,0
157,Danilo Gallinari,PF,32,ATL,37,4,883,146,342,0.42700000000000005,76,191,0.39799999999999996,70,151,0.46399999999999997,0.5379999999999999,120,129,0.93,9,142,151,54,20,7,36,75,488,52,19500000,20475000,Sign and Trade,44975000,1
158,Langston Galloway,SG,29,PHO,34,0,377,57,121,0.47100000000000003,32,71,0.451,25,50,0.5,0.603,17,17,1.0,5,30,35,24,6,0,11,23,163,348,2028594,0,Minimum Salary,2028594,0
159,Darius Garland,PG,21,CLE,41,38,1364,265,593,0.447,74,185,0.4,191,408,0.46799999999999997,0.509,82,97,0.845,20,77,97,240,48,4,125,93,686,172,6720720,7040880,1st Round Pick,13761600,0
160,Marc Gasol,C,36,LAL,41,40,805,66,160,0.413,37,101,0.366,29,59,0.49200000000000005,0.528,33,42,0.7859999999999999,28,136,164,84,22,49,45,94,202,297,2564753,2692991,Minimum Salary,5257744,0
161,Rudy Gay,PF,34,SAS,41,0,897,169,406,0.41600000000000004,70,176,0.39799999999999996,99,230,0.43,0.502,54,69,0.7829999999999999,34,168,202,64,31,24,42,76,462,84,14000000,0,Early Bird Rights,14000000,1
162,Paul George,SF,30,LAC,38,38,1268,298,636,0.469,119,281,0.423,179,355,0.504,0.562,127,144,0.882,33,207,240,205,43,17,121,88,842,8,35450412,39344970,Maximum Salary,162928115,1
163,Taj Gibson,PF,35,NYK,24,1,482,48,79,0.608,3,14,0.214,45,65,0.6920000000000001,0.627,21,33,0.636,43,77,120,16,17,21,14,49,120,325,3283684,0,Minimum Salary,1000000,0
164,Harry Giles,C,22,POR,26,0,293,31,71,0.43700000000000006,6,13,0.462,25,58,0.431,0.479,14,20,0.7,28,89,117,22,6,10,18,48,82,386,1678854,0,Minimum Salary,1678854,0
165,Shai Gilgeous-Alexander,SG,22,OKC,35,35,1180,287,565,0.508,71,170,0.418,216,395,0.547,0.5710000000000001,185,229,0.8079999999999999,19,147,166,207,27,23,106,70,830,231,4141320,5495532,1st Round Pick,9636852,0
166,Anthony Gill,PF,28,WAS,15,1,85,5,18,0.278,1,11,0.091,4,7,0.5710000000000001,0.306,3,4,0.75,8,17,25,4,4,2,4,6,14,464,898310,1517981,Minimum Salary,898310,0
167,Rudy Gobert,C,28,UTA,50,50,1537,275,419,0.6559999999999999,0,3,0.0,275,416,0.6609999999999999,0.6559999999999999,179,291,0.615,167,494,661,64,24,146,79,117,729,42,26525281,35344828,1st Round Pick,184870110,1
168,Brandon Goodwin,PG,25,ATL,32,1,355,48,132,0.364,20,65,0.308,28,67,0.418,0.439,17,24,0.708,5,28,33,52,12,0,19,27,133,384,1701593,0,,,0
169,Aaron Gordon,PF,25,TOT,29,29,855,153,332,0.461,45,121,0.37200000000000005,108,211,0.512,0.529,70,114,0.614,43,142,185,115,21,24,71,53,421,60,18136364,16409091,Bird Rights,34545455,1
170,Eric Gordon,SG,32,HOU,27,13,789,159,367,0.433,69,210,0.32899999999999996,90,157,0.573,0.527,94,114,0.825,8,50,58,71,14,13,51,44,481,69,16869276,18218818,Cap Space,54656454,1
171,Devonte' Graham,PG,25,CHO,39,33,1161,168,451,0.373,115,309,0.37200000000000005,53,142,0.373,0.5,88,106,0.83,17,90,107,198,40,3,58,53,539,400,1663861,0,,,0
172,Jerami Grant,SF,26,DET,47,47,1621,346,814,0.425,105,296,0.355,241,518,0.465,0.49,254,296,0.858,32,194,226,134,33,52,92,110,1051,55,19047619,20000000,Sign and Trade,60000000,1
173,Danny Green,SF,33,PHI,50,50,1420,166,402,0.413,129,317,0.40700000000000003,37,85,0.435,0.573,21,29,0.7240000000000001,41,143,184,84,65,44,54,91,482,77,15365854,0,Cap Space,15365854,1
174,Draymond Green,PF,30,GSW,42,42,1273,102,245,0.41600000000000004,23,84,0.27399999999999997,79,161,0.491,0.46299999999999997,44,57,0.772,37,236,273,356,64,31,120,131,271,47,22246956,24026712,Bird Rights,72080137,1
175,JaMychal Green,PF,30,DEN,37,4,687,112,243,0.461,52,129,0.40299999999999997,60,114,0.526,0.568,34,41,0.8290000000000001,56,138,194,31,19,13,37,95,310,165,7199760,7559748,MLE,14759508,0
176,Javonte Green,SG-PG,27,TOT,27,2,368,40,76,0.526,7,23,0.304,33,53,0.623,0.5720000000000001,20,30,0.667,22,36,58,12,20,4,16,35,107,432,1517981,0,,,0
177,Jeff Green,C,34,BRK,47,24,1264,170,347,0.49,69,165,0.418,101,182,0.555,0.589,75,100,0.75,23,154,177,64,27,17,37,82,484,306,2564753,0,Minimum Salary,2564753,0
178,Josh Green,SG,20,DAL,25,5,276,25,56,0.446,2,16,0.125,23,40,0.575,0.46399999999999997,9,15,0.6,16,34,50,14,7,2,14,19,61,287,2816760,2957520,1st Round Pick,5774280,0
179,Blake Griffin,PF,31,TOT,26,21,743,100,254,0.39399999999999996,45,137,0.32799999999999996,55,117,0.47,0.48200000000000004,53,75,0.7070000000000001,11,123,134,90,19,4,38,56,298,18,33685241,29764126,,62219691,1
181,Rui Hachimura,PF,22,WAS,40,40,1269,218,455,0.479,35,104,0.337,183,351,0.521,0.518,98,127,0.772,34,199,233,64,30,3,49,86,569,219,4692840,4916160,1st Round Pick,9609000,0
183,Tyrese Haliburton,PG,20,SAC,45,14,1362,228,473,0.48200000000000004,97,232,0.418,131,241,0.544,0.585,35,40,0.875,36,112,148,228,56,26,67,63,588,243,3831840,4023600,1st Round Pick,7855440,0
185,R.J. Hampton,PG-SG,19,TOT,30,1,345,46,106,0.434,8,29,0.276,38,77,0.494,0.47200000000000003,15,22,0.682,14,58,72,22,10,3,17,28,115,332,2193480,2303040,1st Round Pick,4496520,0
186,Tim Hardaway Jr.,SG,28,DAL,48,20,1394,282,630,0.44799999999999995,143,361,0.396,139,269,0.517,0.561,87,111,0.784,15,151,166,81,25,6,42,75,794,56,18975000,0,Cap space,18975000,1
187,James Harden,PG-SG,31,TOT,42,42,1558,334,722,0.46299999999999997,117,327,0.358,217,395,0.5489999999999999,0.544,275,316,0.87,35,301,336,457,50,29,173,95,1060,5,40824000,43848000,Bird Rights,84672000,1
188,Maurice Harkless,SF-PF,27,TOT,17,3,219,13,33,0.39399999999999996,8,23,0.348,5,10,0.5,0.515,4,6,0.667,3,19,22,13,4,5,6,28,38,252,3623000,0,MLE,3623000,0
190,Montrezl Harrell,C,27,LAL,50,1,1259,307,488,0.629,0,10,0.0,307,478,0.642,0.629,142,200,0.71,129,212,341,54,35,39,57,100,756,133,9258000,9720900,MLE,18978900,1
191,Gary Harris,SG,26,DEN,19,19,581,69,156,0.442,24,75,0.32,45,81,0.556,0.519,22,30,0.733,13,34,47,32,17,4,14,37,184,54,19160714,20482143,1st Round Pick,39642857,1
193,Joe Harris,SF,29,BRK,51,47,1581,265,520,0.51,164,339,0.484,101,181,0.5579999999999999,0.667,32,44,0.727,32,154,186,91,31,10,40,107,726,72,16071429,17357143,Bird,72000000,1
194,Tobias Harris,PF,28,PHI,45,45,1501,363,692,0.525,65,162,0.401,298,530,0.562,0.5720000000000001,143,159,0.899,47,282,329,163,40,38,86,92,934,14,33517241,36000000,Bird Rights,148965517,1
195,Shaquille Harrison,SG,27,UTA,17,0,56,6,20,0.3,0,2,0.0,6,18,0.33299999999999996,0.3,5,6,0.833,3,6,9,9,2,0,5,3,17,472,770433,0,,770433,0
196,Josh Hart,SF,25,NOP,47,4,1349,151,344,0.439,63,193,0.326,88,151,0.583,0.531,69,89,0.775,53,324,377,109,38,12,49,111,434,263,3491159,0,1st Round Pick,3491159,0
197,Isaiah Hartenstein,C,22,TOT,34,1,362,57,108,0.528,2,5,0.4,55,103,0.534,0.537,30,51,0.588,45,76,121,26,11,25,23,75,146,438,1445697,1701593,Minimum Salary,1445697,0
198,Jaxson Hayes,C,20,NOP,37,3,527,84,127,0.6609999999999999,1,2,0.5,83,125,0.664,0.665,47,59,0.797,42,89,131,22,13,19,23,69,216,201,5105160,5348280,1st Round Pick,5105160,0
199,Killian Hayes,PG,19,DET,9,7,193,17,59,0.28800000000000003,6,25,0.24,11,34,0.324,0.33899999999999997,1,2,0.5,2,14,16,35,6,2,21,19,41,196,5307120,5572680,1st Round Pick,10879800,0
200,Gordon Hayward,SF,30,CHO,44,44,1496,311,658,0.473,85,205,0.415,226,453,0.499,0.537,156,185,0.843,37,221,258,181,52,14,91,74,863,35,28500000,29900000,Sign and Trade,120000000,1
201,Juan Hernangómez,PF,25,MIN,32,6,533,75,173,0.434,29,92,0.315,46,81,0.568,0.517,37,56,0.6609999999999999,31,107,138,19,13,2,14,29,216,176,6493000,7012440,Bird,13505440,0
202,Willy Hernangómez,C,26,NOP,27,2,443,76,141,0.539,1,8,0.125,75,133,0.564,0.5429999999999999,27,46,0.5870000000000001,65,110,175,30,9,12,15,32,180,380,1727145,0,Minimum Salary,700000,0
203,Tyler Herro,SG,21,MIA,39,14,1241,225,533,0.42200000000000004,72,223,0.32299999999999995,153,310,0.494,0.49,83,100,0.83,20,181,201,134,26,15,79,54,605,244,3822240,4004280,1st Round Pick,7826520,0
204,Buddy Hield,SG,28,SAC,51,51,1764,288,727,0.396,204,533,0.38299999999999995,84,194,0.433,0.536,63,74,0.851,21,211,232,162,42,18,89,130,843,45,24431818,22477273,1st Round pick,86000000,1
205,George Hill,PG,34,OKC,14,14,369,61,120,0.508,22,57,0.386,39,63,0.619,0.6,21,25,0.84,8,21,29,43,12,2,12,12,165,127,9590602,10047297,Cap Space,10866093,1
206,Solomon Hill,PF,29,ATL,49,4,944,72,196,0.36700000000000005,49,149,0.32899999999999996,23,47,0.489,0.49200000000000005,20,27,0.741,27,89,116,44,32,8,29,75,213,334,2174318,0,Cap Space,2174318,0
209,Aaron Holiday,PG,24,IND,46,6,798,120,310,0.387,45,132,0.341,75,178,0.42100000000000004,0.46,35,47,0.745,8,49,57,79,29,6,36,74,320,313,2345640,3980551,1st Round Pick,6326191,0
210,Jrue Holiday,PG,30,MIL,38,35,1203,257,505,0.509,71,182,0.39,186,323,0.5760000000000001,0.579,62,76,0.816,47,127,174,207,69,20,75,63,647,43,26131111,30133333,Bird Rights,123311110,1
211,Justin Holiday,SG,31,IND,48,39,1524,183,438,0.418,122,318,0.384,61,120,0.508,0.557,52,65,0.8,26,154,180,80,63,17,42,97,540,187,5720400,6006420,Non Bird,18019260,0
212,Richaun Holmes,C,27,SAC,47,47,1424,282,440,0.6409999999999999,2,9,0.222,280,431,0.65,0.643,100,125,0.8,126,298,424,80,31,79,57,173,666,203,5005350,0,Room Exception,5005350,0
213,Rodney Hood,SF,28,TOT,42,5,797,80,217,0.369,28,94,0.298,52,123,0.423,0.433,14,17,0.8240000000000001,19,58,77,47,21,5,33,65,202,119,10047450,10851246,Early Bird,10047450,1
214,Al Horford,C,34,OKC,28,28,782,162,360,0.45,56,152,0.368,106,208,0.51,0.528,18,22,0.818,29,159,188,94,25,26,29,48,398,40,27500000,27000000,Cap Space,69000000,1
215,Talen Horton-Tucker,SG,20,LAL,46,1,868,148,332,0.446,21,86,0.244,127,246,0.516,0.47700000000000004,60,72,0.833,19,103,122,101,40,20,64,94,377,419,1517981,0,Minimum Salary,1517981,0
216,Danuel House,SF,27,HOU,31,21,843,99,244,0.406,50,139,0.36,49,105,0.467,0.508,39,59,0.6609999999999999,18,103,121,59,19,14,30,61,287,248,3717000,3894000,MLE,7611000,0
217,Dwight Howard,C,35,PHI,50,5,876,129,221,0.584,4,14,0.28600000000000003,125,207,0.604,0.593,88,155,0.568,131,282,413,39,22,47,87,151,350,299,2564753,0,Minimum Salary,2564753,0
219,Kevin Huerter,SG,22,ATL,50,35,1540,218,522,0.418,103,285,0.361,115,237,0.485,0.516,40,49,0.816,31,135,166,173,60,11,62,119,579,288,2761920,4253357,1st Round Pick,7015277,0
220,Elijah Hughes,SF,22,UTA,10,0,38,7,18,0.389,5,13,0.385,2,5,0.4,0.528,3,4,0.75,0,6,6,4,1,1,5,0,22,457,898310,1517981,Minimum Salary,2416291,0
221,De'Andre Hunter,SF,23,ATL,20,18,625,112,223,0.502,31,87,0.35600000000000004,81,136,0.596,0.5720000000000001,65,75,0.867,16,86,102,42,18,10,27,53,320,160,7422000,7775400,1st Round Pick,15197400,0
222,Chandler Hutchison,SF,24,TOT,12,0,163,16,51,0.314,3,13,0.231,13,38,0.342,0.34299999999999997,8,9,0.889,4,38,42,7,4,0,14,17,43,310,2443440,4019459,1st Round Pick,2443440,0
223,Serge Ibaka,C,31,LAC,39,39,919,176,347,0.507,38,108,0.35200000000000004,138,239,0.5770000000000001,0.562,37,45,0.8220000000000001,68,193,261,68,9,46,44,74,427,135,9258000,9742000,MLE,9258000,1
224,Andre Iguodala,SF,37,MIA,45,2,960,70,184,0.38,46,138,0.33299999999999996,24,46,0.522,0.505,21,33,0.636,30,145,175,95,45,21,47,61,207,80,15000000,15000000,Bird Rights,15000000,1
225,Ersan İlyasova,PF,33,UTA,5,0,30,3,11,0.273,2,9,0.222,1,2,0.5,0.364,3,3,1.0,3,4,7,2,1,0,1,6,11,446,1194542,0,Minimum Salary,1194542,0
226,Joe Ingles,SF,33,UTA,46,13,1217,185,346,0.535,124,248,0.5,61,98,0.622,0.7140000000000001,48,55,0.873,20,148,168,189,32,9,73,84,542,113,10863637,14000000,Bird Rights,24863637,1
227,Brandon Ingram,SF,23,NOP,46,46,1583,391,824,0.475,110,285,0.386,281,539,0.521,0.541,205,234,0.8759999999999999,27,199,226,218,29,32,110,92,1097,41,27285000,29467800,Bird,158253000,1
228,Kyrie Irving,PG,28,BRK,36,36,1286,391,761,0.514,100,255,0.392,291,506,0.575,0.58,126,140,0.9,41,137,178,222,45,21,83,99,1008,15,33329100,34916200,Cap space,104748600,1
229,Wesley Iwundu,SF,26,TOT,27,3,361,24,70,0.34299999999999997,4,29,0.138,20,41,0.488,0.371,17,19,0.895,8,47,55,14,12,3,11,33,69,385,1678854,1824003,Minimum Salary,3502857,0
231,Josh Jackson,SG,23,DET,45,10,1098,210,500,0.42,52,180,0.289,158,320,0.494,0.47200000000000003,105,146,0.7190000000000001,44,139,183,96,42,33,95,128,577,215,4767000,5005350,Room Exception,9772350,0
232,Justin Jackson,SF,25,OKC,33,3,544,86,212,0.406,34,111,0.306,52,101,0.515,0.486,30,35,0.857,14,57,71,51,15,2,31,31,236,202,5029650,0,,5029650,0
233,Reggie Jackson,SG,30,LAC,48,28,1030,168,376,0.447,72,176,0.409,96,200,0.48,0.5429999999999999,44,56,0.7859999999999999,16,111,127,140,28,4,53,91,452,317,2331593,0,Minimum Salary,2331593,0
234,Justin James,SF,24,SAC,25,0,151,18,42,0.429,5,17,0.294,13,25,0.52,0.488,5,12,0.41700000000000004,3,8,11,15,3,1,6,10,46,416,1517981,1782621,Minimum Salary,1517981,0
235,LeBron James,PG,36,LAL,41,41,1388,388,756,0.513,98,266,0.368,290,490,0.5920000000000001,0.578,168,239,0.703,24,299,323,323,43,24,152,65,1042,6,39219565,41180544,Cap Space,124875097,1
236,DaQuan Jeffries,SG,23,SAC,18,2,232,24,57,0.42100000000000004,9,28,0.321,15,29,0.517,0.5,6,7,0.857,9,20,29,6,7,4,8,23,63,437,1445697,0,Minimum Salary,1445697,0
237,Ty Jerome,SG,23,OKC,17,1,437,60,140,0.429,34,83,0.41,26,57,0.456,0.55,6,11,0.545,10,42,52,61,12,2,17,32,160,324,2303040,2412840,1st Round Pick,4715880,0
238,Isaiah Joe,SG,21,PHI,26,1,272,32,91,0.35200000000000004,25,71,0.35200000000000004,7,20,0.35,0.489,8,9,0.889,6,20,26,17,7,4,5,26,97,460,898310,1517981,MLE,2416291,0
240,Cameron Johnson,PF,24,PHO,43,9,991,149,338,0.441,89,233,0.382,60,105,0.5710000000000001,0.5720000000000001,35,40,0.875,23,114,137,57,25,14,30,57,422,228,4235160,4437000,1st Round Pick,8672160,0
241,James Johnson,PF,33,TOT,32,4,595,86,181,0.475,22,74,0.297,64,107,0.598,0.536,23,40,0.575,16,84,100,61,28,30,33,68,217,73,16047100,0,Cap space,16047100,1
242,Keldon Johnson,SF,21,SAS,45,43,1297,226,476,0.475,40,121,0.331,186,355,0.524,0.517,102,135,0.7559999999999999,71,222,293,81,24,23,50,94,594,344,2048040,2145720,1st Round Pick,4193760,0
243,Stanley Johnson,PF,24,TOR,44,6,629,45,117,0.385,26,72,0.361,19,45,0.42200000000000004,0.496,15,19,0.789,20,83,103,54,29,13,30,79,131,245,3801000,0,Bi-annual Exception,3801000,0
244,Tyler Johnson,SG,28,BRK,31,2,522,56,142,0.39399999999999996,38,101,0.376,18,41,0.439,0.528,16,19,0.8420000000000001,5,54,59,29,12,0,13,31,166,349,2028594,0,Minimum Salary,2028594,0
245,Nikola Jokić,C,25,DEN,49,49,1748,508,898,0.5660000000000001,73,171,0.42700000000000005,435,727,0.598,0.606,202,234,0.863,140,397,537,421,74,31,151,133,1291,34,28542009,30510423,Bird Rights,91531269,1
246,Damian Jones,C,25,TOT,22,6,206,24,33,0.727,0,1,0.0,24,32,0.75,0.727,17,23,0.7390000000000001,15,29,44,5,2,12,11,41,65,471,785285,0,,785285,0
247,Derrick Jones Jr.,SF,23,POR,44,40,1130,128,264,0.485,39,119,0.32799999999999996,89,145,0.614,0.5589999999999999,51,77,0.662,71,115,186,38,33,48,27,106,346,130,9268293,9731707,MLE,19000000,1
249,Tre Jones,PG,21,SAS,23,0,105,18,36,0.5,1,1,1.0,17,35,0.486,0.514,5,5,1.0,5,4,9,11,3,0,9,5,42,458,898310,1517981,MLE,2416291,0
250,Tyus Jones,PG,24,MEM,47,8,922,136,316,0.43,31,105,0.295,105,211,0.498,0.479,25,28,0.893,17,91,108,194,51,5,38,21,328,153,7965100,7522200,MLE,15487300,1
251,DeAndre Jordan,C,32,BRK,46,36,1022,156,203,0.768,0,1,0.0,156,202,0.772,0.768,32,65,0.49200000000000005,92,239,331,75,14,56,69,97,344,116,10375678,9881598,Cap space,30079118,1
252,Cory Joseph,PG,29,TOT,51,2,1104,137,301,0.455,34,103,0.33,103,198,0.52,0.512,55,67,0.821,29,92,121,141,49,11,60,112,363,99,12600000,12600000,Cap Space,12600000,1
253,Mfiondu Kabengele,PF,23,LAC,23,0,94,9,32,0.281,4,18,0.222,5,14,0.35700000000000004,0.344,5,6,0.833,1,13,14,5,2,3,6,18,27,341,2075880,0,,2075880,0
254,Frank Kaminsky,C,27,PHO,32,13,483,82,174,0.47100000000000003,26,64,0.406,56,110,0.509,0.546,20,33,0.606,22,96,118,52,10,13,15,42,210,367,1882867,0,,,0
255,Enes Kanter,C,28,POR,49,32,1297,248,412,0.602,0,1,0.0,248,411,0.603,0.602,91,116,0.784,209,361,570,62,26,35,58,126,587,204,5005350,0,Room Exception,5005350,0
256,Luke Kennard,SG,24,LAC,45,9,884,141,290,0.486,75,159,0.47200000000000003,66,131,0.504,0.616,16,19,0.8420000000000001,12,110,122,77,14,8,35,69,373,197,5273826,12727273,1st Round Pick,46510190,0
257,Maxi Kleber,PF,29,DAL,36,30,1012,86,198,0.434,64,150,0.42700000000000005,22,48,0.45799999999999996,0.596,32,35,0.914,32,166,198,50,18,27,21,83,268,144,8250000,8750000,Early Bird Rights,17000000,1
259,Kevin Knox,SF,21,NYK,33,0,433,54,133,0.406,34,83,0.41,20,50,0.4,0.534,13,16,0.813,9,45,54,18,9,6,16,36,155,221,4588680,5845978,1st Round Pick,10434658,0
260,John Konchar,SG,24,MEM,24,0,334,31,71,0.43700000000000006,9,25,0.36,22,46,0.478,0.5,17,20,0.85,22,51,73,24,19,5,10,27,88,339,2093023,2197674,MLE,9000000,0
261,Furkan Korkmaz,SG,23,PHI,39,5,741,113,291,0.38799999999999996,63,175,0.36,50,116,0.431,0.49700000000000005,46,62,0.742,10,68,78,47,30,7,34,45,335,375,1762796,0,,,0
262,Luke Kornet,PF-C,25,TOT,18,0,164,19,49,0.38799999999999996,10,35,0.28600000000000003,9,14,0.643,0.49,2,5,0.4,6,27,33,9,2,11,3,7,50,323,2304878,0,Room Exception,2304878,0
263,Rodions Kurucs,SF-PF,22,TOT,16,0,91,6,24,0.25,3,17,0.17600000000000002,3,7,0.429,0.313,1,2,0.5,2,12,14,6,6,4,9,8,16,373,1780152,1861068,Cap space,1780152,0
264,Kyle Kuzma,SF,25,LAL,49,19,1366,241,549,0.439,97,271,0.358,144,278,0.518,0.527,42,66,0.636,90,244,334,82,22,26,85,84,621,255,3562178,13000000,1st Round Pick,29562178,0
266,Jeremy Lamb,SG,28,IND,28,8,602,96,216,0.444,42,101,0.41600000000000004,54,115,0.47,0.542,58,61,0.951,20,77,97,46,22,14,17,56,292,115,10500000,10500000,Cap Space,21000000,1
267,Romeo Langford,SG,21,BOS,1,0,12,1,4,0.25,1,2,0.5,0,2,0.0,0.375,0,0,0.7466597938144333,1,0,1,1,1,1,1,0,3,250,3631200,3804360,1st Round Pick,7435560,0
268,Zach LaVine,SG,25,CHI,47,47,1644,460,901,0.511,157,373,0.42100000000000004,303,528,0.574,0.598,209,245,0.853,29,203,232,223,39,20,173,113,1286,53,19500000,19500000,Cap space,39000000,1
269,Jake Layman,SF,26,MIN,37,10,560,78,159,0.491,19,67,0.284,59,92,0.6409999999999999,0.55,23,32,0.7190000000000001,13,48,61,26,27,16,24,38,198,246,3761085,3940184,Sign and Trade,7701269,0
270,Jalen Lecque,PG,20,IND,4,0,12,1,9,0.111,0,1,0.0,1,8,0.125,0.111,3,3,1.0,2,3,5,2,0,0,0,0,5,420,1517981,0,,1517981,0
271,Damion Lee,SG,28,GSW,49,1,927,107,236,0.45299999999999996,67,172,0.39,40,64,0.625,0.595,36,40,0.9,18,134,152,67,28,6,23,77,317,374,1762796,1910860,MLE,600000,0
273,Alex Len,C,27,TOT,41,19,638,110,174,0.632,6,21,0.28600000000000003,104,153,0.68,0.649,44,76,0.579,41,112,153,35,12,48,37,85,270,381,4032648,0,,,0
274,Kawhi Leonard,SF,29,LAC,42,42,1452,394,767,0.514,81,206,0.39299999999999996,313,561,0.5579999999999999,0.5660000000000001,212,242,0.8759999999999999,50,224,274,207,76,19,80,70,1081,13,34379100,36016200,Cap Space,34379100,1
275,Meyers Leonard,C,28,MIA,3,2,29,3,7,0.429,3,7,0.429,0,0,0.5024249011857715,0.643,1,2,0.5,0,7,7,2,0,0,2,5,10,129,9400000,0,,9400000,1
276,Caris LeVert,SG,26,TOT,24,16,728,157,378,0.415,43,132,0.326,114,246,0.46299999999999997,0.47200000000000003,56,72,0.778,17,84,101,127,35,7,50,40,413,71,16203704,17500000,1st Round pick,52500000,1
277,Kira Lewis Jr.,PG,19,NOP,33,0,519,87,206,0.42200000000000004,26,71,0.366,61,135,0.452,0.485,21,28,0.75,7,33,40,75,22,6,17,49,221,249,3640200,3822240,1st Round Pick,7462440,0
278,Damian Lillard,PG,30,POR,47,47,1687,429,958,0.44799999999999995,196,513,0.382,233,445,0.524,0.55,337,360,0.9359999999999999,24,176,200,363,45,12,150,74,1391,19,31626953,43750000,1st Round Pick,227626953,1
279,Nassir Little,PF,20,POR,30,2,428,53,114,0.465,24,62,0.387,29,52,0.5579999999999999,0.57,31,36,0.861,22,60,82,15,4,11,13,33,161,331,2210640,2316240,1st Round Pick,4526880,0
280,Kevon Looney,C,24,GSW,39,15,599,61,105,0.581,4,10,0.4,57,95,0.6,0.6,20,27,0.741,62,93,155,71,15,16,22,76,146,214,4821429,5178572,Bird Rights,4821429,0
281,Brook Lopez,C,32,MIL,49,49,1331,206,428,0.48100000000000004,72,212,0.34,134,216,0.62,0.565,74,88,0.841,71,174,245,36,31,70,46,101,558,97,12697675,13302325,Cap Space,39906976,1
282,Robin Lopez,C,32,WAS,49,9,989,169,278,0.608,5,17,0.294,164,261,0.628,0.617,72,102,0.706,106,97,203,41,14,32,52,85,415,163,7300000,0,MLE,7300000,0
283,Kevin Love,PF,32,CLE,7,7,128,18,49,0.36700000000000005,10,29,0.345,8,20,0.4,0.469,9,11,0.818,4,31,35,14,3,1,11,9,55,20,31300000,31300000,Bird Rights,91500000,1
284,Kyle Lowry,PG,34,TOR,39,39,1348,220,505,0.436,106,269,0.39399999999999996,114,236,0.483,0.541,118,134,0.8809999999999999,33,179,212,284,40,10,111,123,664,21,30000000,0,Bird Rights,30000000,1
285,Timothé Luwawu-Cabarrot,SF,25,BRK,44,7,847,101,276,0.366,61,184,0.332,40,92,0.435,0.47600000000000003,29,36,0.8059999999999999,20,85,105,58,29,6,34,82,292,371,1824003,0,,,0
286,Trey Lyles,PF,25,SAS,23,9,358,43,90,0.478,14,40,0.35,29,50,0.58,0.556,15,23,0.652,9,77,86,14,6,1,6,13,115,192,5500000,0,,,0
288,Thon Maker,C,23,CLE,8,0,76,10,18,0.556,0,2,0.0,10,16,0.625,0.556,10,11,0.909,8,10,18,4,2,4,3,7,30,486,309355,0,,309355,0
289,Théo Maledon,PG,19,OKC,44,28,1191,142,379,0.375,74,202,0.366,68,177,0.384,0.47200000000000003,54,69,0.7829999999999999,16,136,152,145,40,4,89,96,412,351,2000000,2000000,MLE,4000000,0
291,Terance Mann,SG,24,LAC,48,4,867,117,238,0.49200000000000005,22,57,0.386,95,181,0.525,0.5379999999999999,51,66,0.773,45,141,186,70,19,10,31,90,307,405,1517984,1782621,Minimum Salary,1517984,0
293,Boban Marjanović,C,32,DAL,23,3,209,49,101,0.485,0,6,0.0,49,95,0.516,0.485,18,24,0.75,39,62,101,7,1,4,9,22,116,261,3500000,0,Bi-Annual Exception,3500000,0
294,Lauri Markkanen,PF,23,CHI,28,25,819,165,346,0.47700000000000004,70,185,0.37799999999999995,95,161,0.59,0.578,59,70,0.843,21,141,162,26,13,11,34,46,459,171,6731508,0,1st Round Pick,6731508,0
296,Caleb Martin,SF,25,CHO,35,1,478,62,159,0.39,21,70,0.3,41,89,0.461,0.456,22,37,0.595,20,65,85,35,27,7,22,34,167,431,1517981,1782621,,,0
297,Cody Martin,SF,25,CHO,37,2,528,57,125,0.456,11,39,0.282,46,86,0.535,0.5,17,28,0.607,32,63,95,54,22,6,22,33,142,408,1517981,1782621,MLE,3300602,0
298,Kelan Martin,SF,25,IND,16,0,70,10,27,0.37,5,13,0.385,5,14,0.35700000000000004,0.46299999999999997,2,2,1.0,2,11,13,3,4,1,4,6,27,440,1445697,1701593,Minimum Salary,722848,0
299,Kenyon Martin Jr.,SF,20,HOU,23,0,443,64,119,0.5379999999999999,9,25,0.36,55,94,0.585,0.5760000000000001,27,38,0.711,40,63,103,18,13,22,20,41,164,465,898310,1517981,MLE,898310,0
303,Wesley Matthews,SG,34,LAL,42,5,835,62,175,0.354,47,138,0.341,15,37,0.405,0.489,18,21,0.857,14,53,67,42,24,13,18,59,189,254,3623000,0,Bi-Annual Exception,3623000,0
304,Tyrese Maxey,SG,20,PHI,42,6,625,130,287,0.45299999999999996,19,66,0.28800000000000003,111,221,0.502,0.486,30,35,0.857,9,61,70,67,15,7,27,48,309,309,2478840,2602920,1st Round Pick,5081760,0
306,Patrick McCaw,SF,25,TOR,5,0,33,1,1,1.0,0,0,0.31116155419222935,1,1,1.0,1.0,3,3,1.0,1,2,3,4,2,0,0,6,5,238,4000000,0,MLE,4000000,0
307,CJ McCollum,SG,29,POR,24,24,787,205,459,0.447,99,242,0.409,106,217,0.488,0.5539999999999999,62,73,0.8490000000000001,12,78,90,115,26,13,32,43,571,27,29354152,30864198,1st Round Pick,129354152,1
308,T.J. McConnell,PG,28,IND,45,2,1149,160,292,0.5479999999999999,7,24,0.292,153,268,0.5710000000000001,0.56,18,30,0.6,34,129,163,293,77,17,82,71,345,262,3500000,0,Cap Space,1000000,0
309,Jaden McDaniels,PF,20,MIN,44,10,961,110,250,0.44,50,132,0.379,60,118,0.508,0.54,19,33,0.5760000000000001,35,122,157,48,20,46,29,110,289,357,1964760,2063280,1st Round Pick,4028040,0
310,Jalen McDaniels,SF,23,CHO,24,1,258,38,85,0.447,8,30,0.267,30,55,0.545,0.494,16,23,0.696,8,40,48,11,3,5,17,34,100,430,1517981,1782621,,,0
311,Doug McDermott,PF,29,IND,46,17,1154,238,457,0.521,80,207,0.386,158,250,0.632,0.608,56,67,0.836,46,124,170,65,13,4,38,82,612,162,7333333,0,Cap Space,7333333,0
313,JaVale McGee,C,33,TOT,34,1,509,113,216,0.523,5,20,0.25,108,196,0.551,0.535,37,57,0.649,55,117,172,33,17,40,46,82,268,229,4200000,0,Cap Space,4200000,0
314,Rodney McGruder,SG,29,DET,16,2,194,37,70,0.529,11,24,0.45799999999999996,26,46,0.565,0.607,6,8,0.75,8,14,22,16,8,1,7,12,91,207,5000000,5370370,Cap Space,10370370,0
315,Alfonzo McKinnie,SF,28,LAL,28,0,148,25,48,0.521,8,21,0.381,17,27,0.63,0.604,9,13,0.6920000000000001,10,20,30,2,3,0,2,15,67,376,1762796,1910860,,,0
317,Ben McLemore,SG,27,HOU,32,4,537,80,224,0.35700000000000004,55,166,0.331,25,58,0.431,0.48,23,32,0.7190000000000001,11,55,66,28,20,3,28,51,238,327,2283034,0,,2283034,0
318,Nicolò Melli,PF,30,TOT,27,2,330,23,78,0.295,9,46,0.196,14,32,0.43799999999999994,0.353,7,8,0.875,17,60,77,31,11,3,8,38,62,233,4097561,0,Room Exception,4097561,0
319,De'Anthony Melton,PG,22,MEM,35,1,696,131,273,0.48,63,139,0.45299999999999996,68,134,0.507,0.595,27,35,0.7709999999999999,23,89,112,93,43,17,43,58,352,156,7812500,8437500,Early Bird,35000000,1
320,Sam Merrill,SG,24,MIL,21,1,149,20,43,0.465,13,28,0.46399999999999997,7,15,0.467,0.616,2,2,1.0,6,14,20,16,5,1,8,8,55,463,898310,1517981,Minimum Salary,1398310,0
322,Khris Middleton,SF,29,MIL,48,48,1607,360,738,0.488,105,243,0.43200000000000005,255,495,0.515,0.5589999999999999,146,165,0.885,37,251,288,262,54,8,134,118,971,16,33051724,35500000,Bird Rights,106500000,1
323,Darius Miller,SF,30,OKC,18,0,197,22,48,0.45799999999999996,17,42,0.405,5,6,0.833,0.635,12,12,1.0,2,22,24,21,13,5,8,13,73,169,7000000,0,Early Bird Rights,7000000,0
324,Patty Mills,PG,32,SAS,47,0,1222,202,470,0.43,126,323,0.39,76,147,0.517,0.564,55,61,0.902,16,65,81,120,31,2,45,60,585,92,13285714,0,Bird Rights,13285714,1
325,Paul Millsap,PF,35,DEN,39,34,882,136,271,0.502,40,105,0.381,96,166,0.578,0.5760000000000001,52,74,0.703,56,131,187,67,36,25,33,80,364,122,10000000,0,Bird,10000000,1
326,Shake Milton,SG,24,PHI,42,2,1022,215,472,0.456,45,137,0.32799999999999996,170,335,0.507,0.503,116,134,0.866,25,72,97,127,28,11,72,91,591,382,1701593,1846738,Cap Space,3548331,0
327,Donovan Mitchell,SG,24,UTA,47,47,1570,408,937,0.435,159,402,0.396,249,535,0.465,0.52,220,261,0.843,46,162,208,255,48,13,133,102,1195,199,5195501,28103550,1st Round Pick,131099405,0
329,Malik Monk,SG,22,CHO,32,0,694,148,322,0.46,70,165,0.424,78,157,0.49700000000000005,0.568,53,65,0.815,12,73,85,61,16,4,47,39,419,195,5345687,0,1st Round Pick,5345687,0
330,E'Twaun Moore,SG,31,PHO,24,1,348,43,102,0.42200000000000004,8,29,0.276,35,73,0.479,0.461,8,10,0.8,13,29,42,35,14,4,18,31,102,315,2331593,0,Minimum Salary,2331593,0
331,Ja Morant,PG,21,MEM,39,39,1229,265,599,0.442,35,138,0.254,230,461,0.499,0.47200000000000003,176,233,0.755,36,96,132,293,35,7,112,58,741,136,9166800,9603360,1st Round Pick,18770160,1
333,Marcus Morris,PF,31,LAC,39,11,994,178,392,0.45399999999999996,96,204,0.47100000000000003,82,188,0.436,0.5770000000000001,47,55,0.855,25,127,152,41,19,10,34,78,499,81,14883721,15627907,Non Bird,64000000,1
334,Markieff Morris,PF,31,LAL,44,20,855,109,256,0.426,50,146,0.342,59,110,0.536,0.523,30,41,0.732,33,168,201,47,11,14,33,76,298,316,2331593,0,Minimum Salary,2331593,0
335,Monte Morris,PG,25,DEN,37,10,998,148,314,0.47100000000000003,41,117,0.35,107,197,0.5429999999999999,0.537,49,64,0.7659999999999999,8,73,81,123,27,10,25,37,386,390,1663861,8333333,Minimum Salary,27000000,0
336,Mychal Mulder,PG,26,GSW,41,2,412,50,123,0.40700000000000003,41,107,0.38299999999999995,9,16,0.563,0.573,10,17,0.588,1,34,35,16,8,8,9,28,151,428,1517981,1782621,,,0
337,Dejounte Murray,PG,24,SAS,46,46,1461,302,660,0.45799999999999996,41,133,0.308,261,527,0.495,0.489,77,95,0.8109999999999999,35,285,320,240,70,5,80,96,722,83,14285714,15428571,1st Round pick,64000000,1
338,Jamal Murray,PG,23,DEN,47,47,1671,373,777,0.48,128,311,0.41200000000000003,245,466,0.526,0.562,127,147,0.8640000000000001,36,154,190,227,61,12,104,93,1001,29,29250000,31590000,1st Round pick,169650000,1
339,Mike Muscala,C,29,OKC,35,0,645,119,267,0.446,68,184,0.37,51,83,0.614,0.573,33,36,0.917,19,113,132,28,8,11,21,54,339,326,2283034,0,Minimum Salary,2283034,0
340,Sviatoslav Mykhailiuk,SF-SG,23,TOT,46,10,863,123,310,0.397,72,217,0.332,51,93,0.5479999999999999,0.513,33,41,0.805,16,90,106,70,39,8,57,36,351,392,1663861,0,Cap Space,1663861,0
341,Abdel Nader,SF,27,PHO,24,0,355,57,116,0.491,18,43,0.419,39,73,0.534,0.569,28,37,0.757,7,55,62,19,10,9,19,34,160,377,1752950,0,Cap Space,1752950,0
342,Larry Nance Jr.,PF,28,CLE,29,27,950,115,236,0.48700000000000004,36,95,0.379,79,141,0.56,0.564,26,41,0.634,50,155,205,91,52,17,44,61,292,107,11709091,10690909,1st Round pick,32072727,1
343,Aaron Nesmith,SF,21,BOS,28,0,395,33,91,0.363,21,66,0.318,12,25,0.48,0.478,11,16,0.688,14,51,65,10,9,6,15,43,98,264,3458400,3631200,1st Round Pick,7089600,0
344,Raul Neto,PG,28,WAS,43,7,899,137,310,0.442,40,114,0.35100000000000003,97,196,0.495,0.506,36,45,0.8,17,84,101,96,48,4,33,71,350,364,1882867,0,Minimum Salary,1882867,0
345,Georges Niang,PF,27,UTA,50,0,685,98,229,0.428,66,166,0.39799999999999996,32,63,0.508,0.5720000000000001,5,5,1.0,16,90,106,36,14,6,32,74,267,372,1783557,0,,,0
346,Zeke Nnaji,PF,20,DEN,31,1,325,43,82,0.524,19,46,0.413,24,36,0.667,0.64,12,15,0.8,13,39,52,5,4,3,7,23,117,312,2379840,2498760,1st Round Pick,4878600,0
347,Nerlens Noel,C,26,NYK,45,22,1023,95,157,0.605,0,2,0.0,95,155,0.613,0.605,25,40,0.625,99,175,274,29,46,92,54,119,215,208,5000000,0,Cap Space,5000000,0
348,Jaylen Nowell,SG,21,MIN,36,0,687,135,304,0.444,47,132,0.35600000000000004,88,172,0.512,0.521,41,49,0.8370000000000001,18,66,84,59,21,10,27,67,358,427,1517981,1782621,,,0
349,Frank Ntilikina,PG,22,NYK,18,4,253,23,64,0.359,17,37,0.45899999999999996,6,27,0.222,0.49200000000000005,7,14,0.5,4,20,24,14,15,1,10,33,70,180,6176578,0,1st Round Pick,6176578,0
350,Kendrick Nunn,PG,25,MIA,38,26,1087,198,433,0.457,77,207,0.37200000000000005,121,226,0.535,0.546,39,43,0.907,16,103,119,100,39,9,58,69,512,394,1663861,0,Minimum Salary,1663861,0
351,Jusuf Nurkić,C,26,POR,17,17,378,64,132,0.485,6,18,0.33299999999999996,58,114,0.509,0.508,26,43,0.605,33,95,128,48,16,13,34,48,160,105,12000000,12000000,Bird Rights,16000000,1
352,David Nwaba,SF,28,HOU,30,9,679,106,218,0.486,17,63,0.27,89,155,0.574,0.525,47,68,0.691,40,78,118,31,30,21,17,60,276,369,1862250,0,MLE,1862250,0
353,Jordan Nwora,SF,22,MIL,18,1,152,27,67,0.40299999999999997,14,30,0.467,13,37,0.35100000000000003,0.507,13,17,0.765,3,28,31,4,10,3,15,12,81,461,898310,1517981,Minimum Salary,2416291,0
354,Royce O'Neale,SF,27,UTA,50,50,1586,121,277,0.43700000000000006,79,204,0.387,42,73,0.575,0.579,33,38,0.868,61,271,332,124,39,24,58,136,354,149,8035714,8678571,Cap space,36000000,1
355,Semi Ojeleye,PF,26,BOS,40,9,765,71,174,0.408,49,125,0.392,22,49,0.449,0.5489999999999999,22,30,0.733,25,92,117,30,11,0,16,44,213,378,1752950,0,Cap space,1752950,0
356,Jahlil Okafor,C,25,DET,12,0,120,25,42,0.595,0,3,0.0,25,39,0.6409999999999999,0.595,1,2,0.5,13,14,27,3,2,2,4,10,51,363,1882867,2130023,Minimum Salary,4012890,0
357,Chuma Okeke,PF,22,ORL,34,8,808,88,205,0.429,36,94,0.38299999999999995,52,111,0.46799999999999997,0.517,21,27,0.778,33,103,136,72,30,15,27,36,233,273,3121080,3277080,1st Round Pick,6398160,0
358,Josh Okogie,SG,22,MIN,39,23,777,58,165,0.35200000000000004,16,69,0.23199999999999998,42,96,0.43799999999999994,0.4,53,65,0.815,37,62,99,43,35,16,28,82,185,293,2651040,4087904,1st Round Pick,6738944,0
359,Onyeka Okongwu,C,20,ATL,28,1,268,38,61,0.623,0,1,0.0,38,60,0.633,0.623,18,30,0.6,23,53,76,6,11,15,13,44,94,186,5813640,6104280,1st Round Pick,11917920,0
360,Isaac Okoro,SG,20,CLE,45,45,1437,134,316,0.424,39,125,0.312,95,191,0.49700000000000005,0.486,56,82,0.6829999999999999,37,89,126,77,46,20,66,126,363,179,6400920,6720720,1st Round Pick,13121640,0
361,KZ Okpala,PF,21,MIA,25,9,322,27,66,0.409,11,37,0.297,16,29,0.552,0.49200000000000005,2,6,0.33299999999999996,15,35,50,11,6,8,12,44,67,406,1517981,1782621,MLE,3300602,0
362,Victor Oladipo,SG,28,TOT,31,31,1022,224,554,0.40399999999999997,75,232,0.32299999999999995,149,322,0.46299999999999997,0.47200000000000003,95,127,0.748,10,140,150,147,43,13,76,78,618,50,21000000,0,1st Round Pick,21000000,1
363,Kelly Olynyk,C-PF,29,TOT,49,41,1325,201,439,0.45799999999999996,91,275,0.331,110,164,0.6709999999999999,0.562,51,61,0.836,45,247,292,109,46,31,65,139,544,101,12198243,0,Cap space,12198243,1
364,Miye Oni,SG,23,UTA,35,0,302,24,64,0.375,21,56,0.375,3,8,0.375,0.539,5,6,0.833,16,43,59,10,5,7,11,40,74,424,1517981,1782621,,,0
365,Cedi Osman,SF,25,CLE,46,17,1131,158,449,0.35200000000000004,78,256,0.305,80,193,0.415,0.439,53,71,0.746,28,126,154,119,43,7,47,84,447,140,8750000,8050000,MLE,24150000,1
366,Daniel Oturu,C,21,LAC,18,0,77,12,23,0.522,0,1,0.0,12,22,0.545,0.522,2,4,0.5,8,13,21,6,1,3,5,12,26,462,898310,1517981,Minimum Salary,2416291,0
367,Kelly Oubre Jr.,SF,25,GSW,48,48,1468,275,631,0.436,74,243,0.305,201,388,0.518,0.494,98,142,0.69,71,219,290,66,50,38,58,109,722,82,14375000,0,Bird Rights,14375000,1
368,Jabari Parker,PF,25,SAC,3,0,27,4,7,0.5710000000000001,0,1,0.0,4,6,0.667,0.5710000000000001,0,0,0.7466597938144333,1,5,6,1,0,1,3,4,8,175,6500000,0,,6500000,0
369,Eric Paschall,PF,24,GSW,39,2,676,144,293,0.491,17,53,0.321,127,240,0.529,0.52,64,89,0.7190000000000001,27,97,124,51,12,7,41,65,369,407,1517981,1782621,MLE,3300602,0
370,Anžejs Pasečņiks,C,25,WAS,1,0,6,0,1,0.0,0,1,0.0,0,0,0.5024249011857715,0.0,0,0,0.7466597938144333,1,0,1,1,0,0,5,2,0,484,350000,0,,350000,0
371,Patrick Patterson,PF,31,LAC,22,2,295,38,82,0.46299999999999997,22,57,0.386,16,25,0.64,0.598,8,10,0.8,7,29,36,12,10,6,8,30,106,475,3814768,737066,,1474133,0
373,Chris Paul,PG,35,PHO,48,48,1525,291,591,0.49200000000000005,64,173,0.37,227,418,0.5429999999999999,0.547,123,133,0.925,19,205,224,421,70,11,110,117,769,3,41358814,44211146,Bird Rights,41358814,1
374,Cameron Payne,PG,26,PHO,38,0,647,97,206,0.47100000000000003,36,91,0.396,61,115,0.53,0.5579999999999999,26,29,0.897,8,78,86,141,22,9,40,66,256,355,1977011,0,Minimum Salary,1977011,0
375,Elfrid Payton,PG,26,NYK,42,42,1120,207,475,0.436,19,78,0.244,188,397,0.474,0.456,66,93,0.71,54,104,158,148,33,9,73,80,499,218,5760000,0,Cap Space,5760000,0
376,Norvel Pelle,C,27,TOT,5,0,35,3,8,0.375,0,0,0.31116155419222935,3,8,0.375,0.375,4,6,0.667,4,7,11,1,0,5,3,10,10,490,217845,0,,217845,0
379,Mason Plumlee,C,30,DET,47,47,1289,196,324,0.605,0,7,0.0,196,317,0.618,0.605,100,151,0.662,126,314,440,167,40,43,92,163,492,150,8000000,8137500,Cap space,24662500,1
380,Jakob Poeltl,C,25,SAS,48,30,1228,176,282,0.624,0,0,0.31116155419222935,176,282,0.624,0.624,35,86,0.40700000000000003,153,233,386,84,29,78,60,107,387,146,8101852,8750000,Bird,26250000,1
381,Vincent Poirier,C,27,PHI,10,0,39,3,12,0.25,0,1,0.0,3,11,0.273,0.25,2,6,0.33299999999999996,6,8,14,2,0,3,4,8,8,294,2619207,0,,2619207,0
382,Aleksej Pokusevski,PF,19,OKC,30,13,706,81,251,0.32299999999999995,34,129,0.264,47,122,0.385,0.39,20,24,0.833,23,116,139,57,14,31,54,34,216,281,2964840,3113160,1st Round Pick,6078000,0
383,Jordan Poole,SG,21,GSW,29,6,505,107,242,0.442,50,138,0.36200000000000004,57,104,0.5479999999999999,0.545,48,53,0.9059999999999999,5,40,45,48,11,3,24,42,312,342,2063280,2161440,1st Round Pick,4224720,0
384,Jontay Porter,PF,21,MEM,4,0,15,2,6,0.33299999999999996,1,4,0.25,1,2,0.5,0.41700000000000004,0,0,0.7466597938144333,2,6,8,1,2,0,4,3,5,362,1904762,2000000,MLE,6000000,0
385,Kevin Porter Jr.,SG,20,HOU,13,10,394,79,182,0.434,17,72,0.23600000000000002,62,110,0.564,0.48100000000000004,28,42,0.667,6,41,47,79,12,6,43,27,203,346,2033160,2130240,1st Round Pick,4163400,0
386,Michael Porter Jr.,SF,22,DEN,39,32,1171,248,462,0.537,96,214,0.449,152,248,0.613,0.6409999999999999,60,80,0.75,70,224,294,39,25,37,43,83,652,256,3550800,5258735,1st Round Pick,8809535,0
387,Otto Porter,SF-PF,27,TOT,28,6,606,98,227,0.43200000000000005,39,104,0.375,59,123,0.48,0.518,36,42,0.857,28,124,152,55,16,4,25,41,271,36,28489239,0,Bird Rights,28489239,1
388,Bobby Portis,C,25,MIL,45,2,940,210,389,0.54,49,104,0.47100000000000003,161,285,0.565,0.603,30,40,0.75,77,229,306,48,34,17,35,79,499,253,3623000,3804150,Bi-Annual Exception,3623000,0
389,Kristaps Porziņģis,C,25,DAL,31,31,949,236,498,0.474,70,195,0.359,166,303,0.5479999999999999,0.544,83,101,0.8220000000000001,56,219,275,49,14,50,42,83,625,24,29467800,31650600,Bird Rights,94951800,1
390,Dwight Powell,C,29,DAL,35,8,518,51,105,0.486,5,18,0.278,46,87,0.529,0.51,53,68,0.779,40,78,118,29,17,12,18,82,160,118,10185185,11000000,Cap Space,33000000,1
391,Norman Powell,SG-SF,27,TOT,47,36,1429,308,623,0.494,129,293,0.44,179,330,0.542,0.598,154,182,0.846,25,116,141,83,59,11,85,111,899,112,10865952,11615328,Cap Space,10865952,1
392,Taurean Prince,PF,26,TOT,33,10,717,93,248,0.375,45,119,0.37799999999999995,48,129,0.37200000000000005,0.466,55,65,0.846,16,104,120,58,20,21,34,61,286,85,13942308,15057692,1st Round pick,29000000,1
393,Payton Pritchard,SG,23,BOS,44,1,856,116,258,0.45,59,144,0.41,57,114,0.5,0.564,21,24,0.875,23,74,97,85,25,7,38,82,312,345,2035800,2137440,1st Round Pick,4173240,0
394,Immanuel Quickley,PG,21,NYK,46,3,908,174,453,0.384,85,230,0.37,89,223,0.39899999999999997,0.478,126,141,0.894,20,87,107,103,24,11,44,89,559,338,2105520,2210640,1st Round Pick,4316160,0
395,Jahmi'us Ramsey,SG,19,SAC,5,0,17,3,5,0.6,1,3,0.33299999999999996,2,2,1.0,0.7,0,0,0.7466597938144333,0,4,4,1,0,1,1,0,7,449,1000000,1517981,MLE,2517981,0
397,Julius Randle,PF,26,NYK,50,50,1849,410,883,0.46399999999999997,101,247,0.409,309,636,0.486,0.522,226,285,0.7929999999999999,67,472,539,298,43,12,169,156,1147,58,18900000,19800000,Cap Space,22900000,1
398,Cam Reddish,SF,21,ATL,26,21,750,96,263,0.365,33,126,0.262,63,137,0.46,0.428,67,82,0.8170000000000001,22,82,104,35,33,9,34,68,292,224,4458000,4670160,1st Round Pick,9128160,0
399,J.J. Redick,SG,36,NOP,31,0,576,87,214,0.40700000000000003,51,140,0.364,36,74,0.486,0.526,45,47,0.9570000000000001,3,49,52,40,9,2,25,37,270,94,13013700,0,Cap Space,13013700,1
401,Naz Reid,C,21,MIN,49,13,939,205,395,0.519,41,115,0.35700000000000004,164,280,0.586,0.5710000000000001,84,117,0.718,54,166,220,54,28,54,50,128,535,426,1517981,1782621,,,0
403,Nick Richards,PF,23,CHO,13,0,51,4,7,0.5710000000000001,0,0,0.31116155419222935,4,7,0.5710000000000001,0.5710000000000001,7,11,0.636,2,7,9,1,0,0,3,5,15,453,1000000,0,Cap Space,1000000,0
404,Josh Richardson,SG,27,DAL,39,39,1248,178,405,0.44,64,189,0.33899999999999997,114,216,0.528,0.519,75,81,0.9259999999999999,32,108,140,108,35,15,60,99,495,114,10800000,11600000,Minimum Salary,10800000,1
406,Austin Rivers,SG,28,NYK,21,2,442,58,135,0.43,28,77,0.364,30,58,0.517,0.5329999999999999,10,14,0.7140000000000001,5,42,47,42,12,0,22,32,154,271,3174603,0,,3174603,0
407,Andre Roberson,SG,29,BRK,5,0,63,2,14,0.14300000000000002,1,8,0.125,1,6,0.16699999999999998,0.179,1,2,0.5,7,8,15,4,3,1,2,4,6,491,152839,0,,152839,0
408,Duncan Robinson,SF,26,MIA,50,50,1637,218,500,0.436,173,429,0.40299999999999997,45,71,0.634,0.609,47,56,0.8390000000000001,4,187,191,89,27,11,60,126,656,395,1663861,0,MLE,1663861,0
409,Glenn Robinson III,SF,27,SAC,23,2,369,42,99,0.424,16,44,0.364,26,55,0.473,0.505,21,23,0.9129999999999999,11,34,45,20,4,3,11,23,121,455,930930,0,,930930,0
410,Jerome Robinson,SG,23,WAS,17,6,305,28,95,0.295,11,42,0.262,17,53,0.321,0.353,16,20,0.8,4,34,38,25,12,6,19,31,83,247,3737520,0,1st Round Pick,3737520,0
412,Mitchell Robinson,C,22,NYK,31,29,853,115,176,0.653,0,0,0.31116155419222935,115,176,0.653,0.653,26,53,0.491,113,139,252,17,35,45,26,86,256,393,1663861,1802057,MLE,1663861,0
413,Isaiah Roby,PF,22,OKC,43,23,1008,147,293,0.502,22,70,0.314,125,223,0.561,0.539,66,93,0.71,67,177,244,76,36,29,78,113,382,418,1517981,1782621,MLE,1517981,0
414,Rajon Rondo,PG,34,TOT,28,2,415,45,113,0.39799999999999996,17,45,0.37799999999999995,28,68,0.41200000000000003,0.473,1,2,0.5,4,52,56,98,21,2,43,29,108,159,7500000,7500000,Cap Space,15000000,0
415,Derrick Rose,PG,32,TOT,30,3,715,148,351,0.42200000000000004,29,80,0.363,119,271,0.439,0.46299999999999997,67,81,0.8270000000000001,10,56,66,124,34,12,50,32,392,157,7682927,0,MLE,7682927,0
416,Terrence Ross,SG,29,ORL,40,2,1182,225,557,0.40399999999999997,85,246,0.34600000000000003,140,311,0.45,0.48,105,118,0.89,13,124,137,94,44,19,66,80,640,88,13500000,12500000,Bird Rights,37500000,1
417,Terry Rozier,SG,26,CHO,47,47,1570,340,729,0.466,155,380,0.408,185,349,0.53,0.573,123,147,0.8370000000000001,26,167,193,162,59,17,89,82,958,57,18900000,17905263,Sign and Trade,36805263,1
418,Ricky Rubio,PG,30,MIN,47,32,1242,127,332,0.38299999999999995,37,130,0.285,90,202,0.446,0.43799999999999994,97,114,0.851,20,128,148,321,64,3,90,103,388,66,17000000,17809524,Cap Space,34809524,1
419,D'Angelo Russell,PG,24,MIN,21,19,608,146,345,0.423,63,155,0.406,83,190,0.43700000000000006,0.514,55,73,0.753,10,47,57,104,23,11,56,41,410,33,28649250,30013500,Sign and Trade,90040500,1
420,Domantas Sabonis,PF,24,IND,47,47,1688,353,671,0.526,36,118,0.305,317,553,0.573,0.5529999999999999,195,271,0.72,120,412,532,283,55,26,159,159,937,65,17187500,18562500,1st Round pick,77000000,1
421,Luka Šamanić,PF,21,SAS,20,2,193,28,62,0.452,8,32,0.25,20,30,0.667,0.516,11,20,0.55,11,36,47,10,4,3,13,23,75,286,2824320,2959080,1st Round Pick,5783400,0
422,JaKarr Sampson,PF,27,IND,18,0,120,17,39,0.436,2,7,0.28600000000000003,15,32,0.469,0.462,10,14,0.7140000000000001,11,25,36,1,2,4,7,13,46,365,1882867,0,Minimum Salary,1882867,0
423,Dario Šarić,C,26,PHO,31,0,571,112,242,0.46299999999999997,35,99,0.354,77,143,0.5379999999999999,0.535,53,60,0.883,30,98,128,42,17,3,39,64,312,142,8333333,9000000,Bird,27000000,1
424,Tomáš Satoranský,SG,29,CHI,37,12,855,113,216,0.523,32,77,0.41600000000000004,81,139,0.583,0.597,47,51,0.922,21,75,96,185,29,9,63,58,305,121,10000000,10000000,Sign and Trade,15000000,1
425,Dennis Schröder,SG,27,LAL,46,46,1461,242,561,0.431,48,147,0.327,194,414,0.469,0.474,171,205,0.8340000000000001,23,139,162,234,56,11,127,125,703,75,15500000,0,1st Round Pick,15500000,1
426,Mike Scott,PF,32,PHI,31,8,551,44,126,0.349,33,99,0.33299999999999996,11,27,0.40700000000000003,0.48,6,10,0.6,8,80,88,20,18,5,16,43,127,205,5005350,0,Room Exception,5005350,0
427,Collin Sexton,SG,22,CLE,43,43,1542,378,790,0.478,69,192,0.359,309,598,0.517,0.522,204,250,0.816,33,90,123,179,51,4,117,117,1029,210,4991880,6349671,1st Round Pick,11341551,0
428,Landry Shamet,SG,23,BRK,41,1,828,109,273,0.39899999999999997,79,203,0.389,30,70,0.429,0.544,38,45,0.8440000000000001,9,64,73,46,19,5,30,53,335,340,2090040,3768342,1st Round Pick,5858382,0
429,Iman Shumpert,SG,30,BRK,2,0,11,1,4,0.25,0,3,0.0,1,1,1.0,0.25,0,0,0.7466597938144333,1,0,1,0,1,0,1,0,2,480,447155,0,,447155,0
430,Pascal Siakam,PF,26,TOR,41,41,1444,302,665,0.45399999999999996,52,176,0.295,250,489,0.511,0.493,181,217,0.8340000000000001,73,226,299,191,46,26,84,131,837,30,29000000,31320000,1st Round pick,129920000,1
431,Chris Silva,PF,24,TOT,13,0,87,10,15,0.667,1,1,1.0,9,14,0.643,0.7,11,15,0.733,7,19,26,6,1,5,10,21,32,415,1517981,1782621,MLE,1517981,0
432,Ben Simmons,PG,24,PHI,42,42,1403,247,453,0.545,3,9,0.33299999999999996,244,444,0.55,0.5489999999999999,143,224,0.638,74,258,332,304,63,27,146,132,640,28,29250000,31590000,1st Round pick,169650000,1
433,Anfernee Simons,SG,21,POR,42,0,709,115,282,0.408,84,201,0.418,31,81,0.38299999999999995,0.557,29,36,0.8059999999999999,8,89,97,62,8,5,33,72,343,328,2252040,3938818,1st Round Pick,6190858,0
434,Deividas Sirvydis,SG,20,DET,12,0,26,4,12,0.33299999999999996,4,10,0.4,0,2,0.0,0.5,3,4,0.75,0,7,7,1,1,0,1,1,15,456,898310,1517981,Cap Space,4198912,0
435,Alen Smailagić,PF,20,GSW,5,1,26,4,10,0.4,2,5,0.4,2,5,0.4,0.5,1,4,0.25,2,1,3,0,0,1,0,5,11,422,1517981,1782621,MLE,1517581,0
436,Marcus Smart,PG,26,BOS,31,28,987,130,322,0.40399999999999997,59,175,0.337,71,147,0.483,0.495,80,102,0.784,17,76,93,170,47,16,51,76,399,89,13446428,14339285,Bird Rights,27785713,1
437,Dennis Smith Jr.,PG,23,TOT,20,7,361,53,132,0.402,18,53,0.34,35,79,0.44299999999999995,0.47,12,18,0.667,11,42,53,68,21,14,24,31,136,188,5686677,0,1st Round Pick,5686677,0
438,Ish Smith,PG,32,WAS,21,1,434,50,134,0.373,6,21,0.28600000000000003,44,113,0.389,0.396,8,17,0.47100000000000003,11,62,73,95,16,4,23,22,114,182,6146341,0,MLE,6146341,0
439,Jalen Smith,PF,20,PHO,16,0,73,9,25,0.36,2,10,0.2,7,15,0.467,0.4,1,3,0.33299999999999996,5,11,16,2,0,2,4,9,21,227,4245720,4458000,1st Round Pick,8703720,0
440,Tony Snell,SG,29,ATL,37,18,783,73,139,0.525,54,94,0.574,19,45,0.42200000000000004,0.7190000000000001,7,7,1.0,13,72,85,49,6,9,17,57,207,102,12178571,0,Cap space,12178571,1
444,Isaiah Stewart,C,19,DET,48,3,923,132,237,0.557,10,24,0.41700000000000004,122,213,0.573,0.578,35,50,0.7,103,174,277,37,25,51,44,119,309,274,3121080,3277080,1st Round Pick,6398160,0
446,Edmond Sumner,SG,25,IND,35,7,462,76,151,0.503,20,53,0.377,56,98,0.5710000000000001,0.57,35,43,0.8140000000000001,13,47,60,24,17,4,30,48,207,336,2160000,2320000,Cap Space,2160000,0
447,Jae'Sean Tate,SF,25,HOU,50,38,1430,216,413,0.523,43,128,0.336,173,285,0.607,0.575,68,93,0.731,96,174,270,100,55,29,58,158,543,435,1445967,1517981,MLE,50000,0
448,Jayson Tatum,SF,22,BOS,44,44,1559,407,899,0.45299999999999996,124,327,0.379,283,572,0.495,0.522,171,198,0.8640000000000001,32,274,306,187,57,20,106,84,1109,123,9897120,28103550,1st Round Pick,135801024,1
449,Jeff Teague,PG,32,TOT,36,5,647,80,193,0.415,26,58,0.44799999999999995,54,135,0.4,0.48200000000000004,51,61,0.836,10,49,59,80,26,9,40,43,237,468,3372826,0,,808073,0
450,Garrett Temple,SG,34,CHI,37,12,1002,112,264,0.424,46,137,0.336,66,127,0.52,0.511,31,38,0.816,21,92,113,73,33,18,36,85,301,216,4767000,0,MLE,4767000,0
451,Tyrell Terry,PG,20,DAL,11,0,56,5,16,0.313,0,7,0.0,5,9,0.556,0.313,1,3,0.33299999999999996,0,6,6,6,5,0,2,2,11,444,1289846,1517981,MLE,4590448,0
452,Daniel Theis,C,28,TOT,46,37,1113,169,309,0.547,35,103,0.34,134,206,0.65,0.604,49,74,0.662,57,178,235,75,26,48,44,124,422,209,5000000,0,,,0
454,Matt Thomas,SG,26,TOT,29,0,222,29,76,0.382,19,51,0.373,10,25,0.4,0.507,6,7,0.857,4,23,27,14,3,0,10,13,83,423,1517981,1782621,MLE,725000,0
455,Tristan Thompson,PF,29,BOS,36,31,811,119,223,0.534,0,3,0.0,119,220,0.541,0.534,48,80,0.6,113,189,302,36,13,13,35,75,286,134,9258000,9720900,MLE,18978900,1
456,Sindarius Thornwell,SG,26,NOP,14,1,73,7,21,0.33299999999999996,3,9,0.33299999999999996,4,12,0.33299999999999996,0.405,0,2,0.0,1,4,5,4,5,1,4,3,17,473,747435,0,,747435,0
457,Matisse Thybulle,SG,23,PHI,47,5,901,67,167,0.401,31,102,0.304,36,65,0.5539999999999999,0.494,8,14,0.5710000000000001,23,63,86,46,70,46,19,94,173,291,2711280,2840160,1st Round Pick,5551440,0
459,Xavier Tillman Sr.,PF,22,MEM,37,7,690,97,188,0.516,11,42,0.262,86,146,0.589,0.545,25,35,0.7140000000000001,45,107,152,50,30,21,27,82,230,443,1300000,1517981,MLE,4600602,0
460,Obi Toppin,PF,22,NYK,41,0,480,72,149,0.483,18,59,0.305,54,90,0.6,0.544,13,18,0.722,17,70,87,22,11,11,20,42,175,213,4862040,5105160,1st Round Pick,9967200,0
463,Karl-Anthony Towns,C,25,MIN,31,31,1067,268,550,0.48700000000000004,73,188,0.38799999999999996,195,362,0.539,0.5539999999999999,152,173,0.879,86,257,343,134,25,46,96,109,761,26,29430000,31610000,1st Round Pick,128620000,1
464,Gary Trent Jr.,SG,22,TOT,47,29,1456,256,611,0.419,139,348,0.39899999999999997,117,263,0.445,0.5329999999999999,62,81,0.765,22,89,111,66,43,8,32,75,713,391,1663861,0,MLE,1663861,0
465,P.J. Tucker,PF,35,TOT,35,32,1003,49,135,0.363,28,90,0.311,21,45,0.467,0.467,18,23,0.7829999999999999,36,118,154,46,29,20,33,93,144,152,7969537,0,MLE,7969537,1
466,Rayjon Tucker,PG,23,PHI,5,0,23,1,4,0.25,1,2,0.5,0,2,0.0,0.375,8,8,1.0,1,3,4,1,0,0,0,3,11,485,340000,0,,340000,0
467,Myles Turner,C,24,IND,45,45,1402,201,418,0.48100000000000004,66,198,0.33299999999999996,135,220,0.614,0.56,105,134,0.784,59,232,291,46,40,156,66,161,573,61,18000000,18000000,1st Round pick,54000000,1
468,Jonas Valančiūnas,C,28,MEM,42,41,1156,279,502,0.556,12,39,0.308,267,463,0.5770000000000001,0.568,109,143,0.762,174,352,526,73,24,27,75,126,679,79,15000000,14000000,Bird Rights,29000000,1
469,Denzel Valentine,SG,27,CHI,43,3,787,122,321,0.38,62,186,0.33299999999999996,60,135,0.444,0.47700000000000004,11,11,1.0,19,143,162,74,26,1,26,48,317,220,4642800,0,,4642800,0
470,Jarred Vanderbilt,PF,21,MIN,46,25,792,98,163,0.601,1,4,0.25,97,159,0.61,0.604,43,74,0.581,70,169,239,58,43,30,44,89,240,399,1663861,0,,,0
471,Fred VanVleet,SG,26,TOR,44,44,1601,285,725,0.39299999999999996,147,396,0.371,138,329,0.419,0.494,154,174,0.885,28,158,186,270,76,34,86,105,871,49,21250000,19675926,Bird,62175926,1
472,Devin Vassell,SF,20,SAS,41,1,697,75,186,0.40299999999999997,37,94,0.39399999999999996,38,92,0.413,0.503,27,31,0.871,17,102,119,39,36,12,17,58,214,234,4033440,4235160,1st Round Pick,8268600,0
474,Noah Vonleh,PF,25,BRK,4,0,11,0,3,0.0,0,2,0.0,0,1,0.0,0.0,0,0,0.7466597938144333,0,1,1,1,0,0,2,2,0,488,263995,0,,263995,0
475,Nikola Vučević,C,30,TOT,49,49,1654,477,986,0.484,123,309,0.39799999999999996,354,677,0.523,0.546,107,128,0.836,95,471,566,185,46,33,86,91,1184,44,26000000,24000000,Bird Rights,72000000,1
476,Dean Wade,PF,24,CLE,42,9,664,72,173,0.41600000000000004,40,114,0.35100000000000003,32,59,0.542,0.532,16,21,0.762,20,100,120,43,14,14,15,47,200,429,1517981,1782621,,,0
477,Moritz Wagner,C,23,TOT,31,14,424,66,135,0.489,15,48,0.313,51,87,0.586,0.544,42,54,0.778,16,72,88,36,22,8,27,70,189,335,2161920,0,1st Round Pick,2161920,0
478,Kemba Walker,PG,30,BOS,31,31,954,189,476,0.397,87,249,0.349,102,227,0.449,0.488,89,95,0.937,9,102,111,149,35,9,65,41,554,12,34379100,36016200,Sign and Trade,70395300,1
479,Lonnie Walker,SG,22,SAS,37,30,968,164,386,0.425,63,177,0.35600000000000004,101,209,0.483,0.506,36,46,0.7829999999999999,9,94,103,61,19,13,38,73,427,283,2892000,4447896,1st Round Pick,7339896,0
480,John Wall,PG,30,HOU,32,32,1018,229,573,0.4,62,195,0.318,167,378,0.442,0.45399999999999996,126,169,0.746,15,93,108,217,33,25,108,39,646,4,41254920,44310840,Bird Rights,85565760,1
481,Brad Wanamaker,PG,31,TOT,43,0,691,72,193,0.373,14,65,0.215,58,128,0.45299999999999996,0.409,56,63,0.889,10,61,71,109,29,6,43,63,214,329,2250000,0,Mini MLE,2250000,0
482,T.J. Warren,SF,27,IND,4,4,117,27,51,0.529,0,7,0.0,27,44,0.614,0.529,8,10,0.8,2,12,14,5,2,0,4,16,62,106,11750000,12690000,1st Round Pick,24440000,1
483,P.J. Washington,PF,22,CHO,45,45,1327,187,434,0.431,60,160,0.375,127,274,0.46399999999999997,0.5,84,108,0.778,65,226,291,121,44,57,101,124,518,235,4023600,4215120,1st Round Pick,8238720,0
486,Paul Watson,SF,26,TOR,24,0,234,25,55,0.455,20,44,0.455,5,11,0.455,0.636,2,4,0.5,3,32,35,11,5,2,6,31,72,441,1445697,1701593,Minimum Salary,350000,0
488,Russell Westbrook,PG,32,WAS,42,42,1479,347,804,0.43200000000000005,56,181,0.309,291,623,0.467,0.466,165,269,0.613,68,371,439,442,53,17,210,118,915,2,41358814,44211146,Bird Rights,85569960,1
489,Coby White,PG,20,CHI,45,36,1411,245,600,0.408,99,285,0.34700000000000003,146,315,0.46299999999999997,0.491,77,86,0.895,21,181,202,207,23,8,100,113,666,191,5572680,5837760,1st Round Pick,5572680,0
490,Derrick White,SG,26,SAS,24,20,696,113,291,0.38799999999999996,52,158,0.32899999999999996,61,133,0.45899999999999996,0.478,63,74,0.851,6,59,65,81,17,24,33,64,341,259,3516284,15178571,1st Round Pick,71516284,0
491,Hassan Whiteside,C,31,SAC,29,1,429,99,179,0.5529999999999999,0,1,0.0,99,178,0.556,0.5529999999999999,34,65,0.523,50,124,174,16,7,40,33,52,232,320,2320044,0,Minimum Salary,2320044,0
493,Andrew Wiggins,PF,25,GSW,50,50,1617,339,714,0.475,104,260,0.4,235,454,0.518,0.5479999999999999,126,180,0.7,50,190,240,113,46,47,96,109,908,23,29542010,31579390,1st Round Pick,94738170,1
494,Grant Williams,PF,22,BOS,42,8,771,72,161,0.447,34,86,0.395,38,75,0.507,0.5529999999999999,19,36,0.528,38,87,125,44,23,16,34,110,197,308,2498760,2617800,1st Round Pick,5116560,0
495,Kenrich Williams,PF,26,OKC,50,8,1009,157,282,0.557,35,81,0.43200000000000005,122,201,0.607,0.619,25,42,0.595,63,141,204,96,34,12,48,97,374,352,2000000,2000000,Sign and Trade,2000000,0
496,Lou Williams,PG,34,TOT,45,3,997,197,470,0.419,48,124,0.387,149,346,0.431,0.47,109,127,0.858,17,80,97,159,41,5,70,45,551,151,8000000,0,Cap Space,8000000,1
497,Patrick Williams,PF,19,CHI,47,47,1340,180,375,0.48,39,102,0.382,141,273,0.516,0.532,61,81,0.753,43,182,225,62,34,33,66,98,460,167,7068360,7422000,1st Round Pick,14490360,0
498,Robert Williams,C,23,BOS,42,5,773,151,207,0.7290000000000001,0,1,0.0,151,206,0.733,0.7290000000000001,42,64,0.6559999999999999,108,178,286,72,38,77,40,84,344,347,2029920,3661976,1st Round Pick,5691896,0
499,Zion Williamson,PF,20,NOP,44,44,1444,444,712,0.624,8,23,0.348,436,689,0.633,0.629,264,373,0.708,115,196,311,155,41,30,113,101,1160,117,10245480,10733400,1st Round Pick,10245480,1
500,D.J. Wilson,PF,24,TOT,22,0,224,36,85,0.424,19,49,0.38799999999999996,17,36,0.47200000000000003,0.535,7,10,0.7,9,48,57,8,4,9,13,29,98,222,4548280,0,1st Round Pick,4548280,0
501,Dylan Windler,SF,24,CLE,31,0,513,57,130,0.43799999999999994,26,77,0.33799999999999997,31,53,0.585,0.5379999999999999,21,27,0.778,20,87,107,33,19,12,32,37,161,337,2137440,2239200,1st Round Pick,4376640,0
502,Justise Winslow,SF,24,MEM,16,0,337,50,146,0.342,5,41,0.122,45,105,0.429,0.36,9,16,0.563,13,64,77,28,12,7,25,32,114,95,13000000,13000000,1st Round Pick,13000000,1
504,James Wiseman,C,19,GSW,36,24,781,173,339,0.51,12,36,0.33299999999999996,161,303,0.531,0.528,53,83,0.639,51,158,209,23,10,35,59,117,411,141,8730240,9166800,1st Round Pick,17897040,1
505,Christian Wood,C,25,HOU,27,27,848,218,414,0.527,45,123,0.366,173,291,0.595,0.581,84,128,0.6559999999999999,46,212,258,39,24,35,49,54,565,93,13015874,13666667,Sign and Trade,41000000,1
506,Robert Woodard,SF,21,SAC,11,0,29,7,14,0.5,1,4,0.25,6,10,0.6,0.536,3,8,0.375,3,8,11,0,0,2,1,2,18,433,1500000,1517981,MLE,3317981,0
507,Delon Wright,SG-PG,28,TOT,42,31,1178,152,331,0.45899999999999996,36,104,0.34600000000000003,116,227,0.511,0.514,83,103,0.8059999999999999,40,142,182,195,62,19,53,49,423,138,9000000,8526316,Sign and Trade,17526316,1
508,Thaddeus Young,PF,32,CHI,44,11,1103,250,425,0.588,6,25,0.24,244,400,0.61,0.595,43,70,0.614,109,174,283,191,56,26,88,110,549,87,13545000,14190000,Cap space,19545000,1
509,Trae Young,PG,22,ATL,47,47,1611,357,828,0.431,110,307,0.358,247,521,0.474,0.498,361,414,0.872,32,152,184,443,41,11,205,93,1185,174,6571800,8326471,1st Round Pick,14898271,0
510,Cody Zeller,C,28,CHO,30,20,644,111,209,0.531,3,22,0.136,108,187,0.578,0.5379999999999999,48,69,0.696,77,131,208,61,22,11,27,70,273,76,15415730,0,1st Round Pick,15415730,1
511,Ivica Zubac,C,23,LAC,51,12,1105,171,268,0.638,0,3,0.0,171,265,0.645,0.638,97,117,0.8290000000000001,140,233,373,56,21,48,55,132,439,168,7000000,7518518,Bird Rights,14518518,0
